GDW_ID,RES_NAME,DAM_NAME,ALT_NAME,DAM_TYPE,LAKE_CTRL,RIVER,ALT_RIVER,MAIN_BASIN,SUB_BASIN,COUNTRY,SEC_CNTRY,ADMIN_UNIT,SEC_ADMIN,NEAR_CITY,ALT_CITY,YEAR_DAM,PRE_YEAR,YEAR_SRC,ALT_YEAR,REM_YEAR,TIMELINE,YEAR_TXT,DAM_HGT_M,ALT_HGT_M,DAM_LEN_M,ALT_LEN_M,AREA_SKM,AREA_POLY,AREA_REP,AREA_MAX,AREA_MIN,CAP_MCM,CAP_MAX,CAP_REP,CAP_MIN,DEPTH_M,DIS_AVG_LS,DOR_PC,ELEV_MASL,CATCH_SKM,CATCH_REP,POWER_MW,DATA_INFO,USE_IRRI,USE_ELEC,USE_SUPP,USE_FCON,USE_RECR,USE_NAVI,USE_FISH,USE_PCON,USE_LIVE,USE_OTHR,MAIN_USE,MULTI_DAMS,COMMENTS,URL,QUALITY,EDITOR,LONG_RIV,LAT_RIV,LONG_DAM,LAT_DAM,ORIG_SRC,POLY_SRC,GRAND_ID,HYRIV_ID,INSTREAM,HYLAK_ID,HYBAS_L12,Shape
1,Lake Winnipeg,Jenpeg,Split Lake,Lake Control Dam,Yes,Nelson,,,,Canada,,Manitoba,,Thompson,,1975,-99,GRanD,-99,-99,,Built 1975,24,30,626,2000,24018.534,24018.534,25413,-99,200,31790,-99,31790,-99,1.2999999523162842,2244727,44.900001525878906,213,919612,-99,-99,,,Sec,,Main,,,,,,,Flood control,,This is a regulation dam for Lake Winnipeg which is actually located about 100 km further downstream; dam location and reservoir were moved from GRanD version 1.1,,3: Fair,McGill-BL,-97.86354199999994,53.69635900000003,NA,NA,GRanD,CanVec,709,70125969,Instream,4,7120921060,"c(-97.8635419999999, 53.696359)"
2,Ontario,Iroquois,,Lake Control Dam,Yes,St. Lawrence,,,,Canada,United States,Ontario,New York,,,1958,-99,GRanD,-99,-99,,Built 1958,20,-99,-99,-99,19384.414,19384.414,19470,-99,19000,29960,-99,29960,986.8,1.5,7745819,12.300000190734863,72,766137,-99,-99,,,Main,,,,Sec,,,,,Hydroelectricity,,Dam affects water level of lake Ontario; the actual location of Iroquois Dam is about 50 km further downstream (north-east),,3: Fair,McGill-BL,-75.79424599999999,44.48055700000003,NA,NA,GRanD,SWBD,1485,70444883,Instream,7,7121021260,"c(-75.794246, 44.480557)"
3,Baikal,Irkutsk,,Lake Control Dam,Yes,Angara,,,,Russia,,Irkutsk,Buryat,Irkutsk,,1956,-99,GRanD,-99,-99,,Built 1956,44,-99,2500,-99,32101.197,32101.197,33000,-99,31500,46000,-99,46000,-99,1.399999976158142,1997895,73,446,569176,604300,-99,,,Main,,,,,,,,,Hydroelectricity,,Lake control of Lake Baikal,,1: Verified,McGill-BL,104.32187500000003,52.23439300000007,NA,NA,GRanD,SWBD,5058,30588837,Instream,11,3120638840,"c(104.321875, 52.2343930000001)"
4,Lake Victoria,Owen Falls,,Lake Control Dam,Yes,White Nile,,Nile,Victoria Nile,Uganda,Tanzania; Kenya,Lake Victoria,Jinja,Jinja,,1954,-99,GRanD,-99,-99,,Built 1954,30,-99,-99,-99,66866.692,66866.692,69000,-99,68800,204800,-99,204800,-99,3.0999999046325684,1735515,374.20001220703125,854,265373,-99,-99,,Sec,Main,,,,,,,,,Hydroelectricity,,Regulation of Lake Victoria; currently not used for storage but operated as run-of-the-river hydropower station,,1: Verified,McGill-BL,33.19379100000003,0.43099900000004254,NA,NA,GRanD,SWBD,4492,10980811,Instream,16,1122078520,"c(33.193791, 0.430999000000043)"
5,Southern Indian,Missi Falls Control,Notigi Control,Lake Control Dam,Yes,Churchill,Rat,,,Canada,,Manitoba,,Lynn Lake,Thompson,1976,-99,GRanD,1975,-99,,Built 1976,18,38,2130,295,2320.142,2320.142,1500,-99,1200,4463,-99,4463,-99,1.899999976158142,991698,14.300000190734863,255,265491,-99,-99,,,Main,,,,,,,,,Hydroelectricity,Yes,Dam raised lake level by 3 m; reported capacity 28370 mcm = entire lake volume,,3: Fair,McGill-BL,-98.13294899999994,57.36162500000006,NA,NA,GRanD,Other,702,70037207,Instream,37,7120896070,"c(-98.1329489999999, 57.3616250000001)"
6,Reindeer,Whitesand Rapids,,Lake Control Dam,Yes,Reindeer,,,,Canada,,Saskatchewan,Manitoba,Creighton,,1942,-99,GRanD,-99,-99,,Built 1942,12,-99,160,200,2800,5466.592,2800,-99,-99,14860,-99,14860,-99,5.300000190734863,355998,132.39999389648438,334,62727,-99,-99,,,Main,,,,,,,,,Hydroelectricity,,Polygon seems too large,,3: Fair,McGill-BL,-103.14960599999995,56.23418500000008,NA,NA,GRanD,Other,706,70060530,Instream,38,7120131310,"c(-103.149606, 56.2341850000001)"
7,Williston,W.A.C. Bennett,William A.C. Bennett,Dam,,Peace,,,,Canada,,British Columbia,,Hudson's Hope,,1967,-99,GRanD,-99,-99,,Built 1967,183,-99,2042,-99,1727.027,1727.027,700,-99,-99,74300,-99,74300,-99,43,1167451,201.8000030517578,656,71707,-99,-99,,,Main,,,,,,,,,Hydroelectricity,,Polygon too large?,,3: Fair,McGill-BL,-122.19784099999998,56.01896300000004,NA,NA,GRanD,CanVec,6,80308976,Instream,40,8120333210,"c(-122.197841, 56.018963)"
8,Caniapiscau,Caniapiscau Barrage,Brisay Generating Station,Dam,,Caniapiscau,,,,Canada,,Québec,,Schefferville,,1981,-99,GRanD,1983,-99,,Built 1981,54,-99,3333,1680,3560.614,3560.614,4275,-99,2000,53790,-99,53790,-99,15.100000381469727,662364,257.5,516,38956,-99,-99,,,Main,,,,,,,,,Hydroelectricity,Yes,"Main outlet dam not at correct location; multiple dams, alternative dam lengths: 588m and 892m",http://en.wikipedia.org/wiki/Brisay_generating_station,2: Good,McGill-BL,-69.78020799999996,54.850824000000046,NA,NA,GRanD,Other,1995,70092677,Instream,43,7120155120,"c(-69.780208, 54.850824)"
9,Laforge 1,Laforge 1,,Dam,,Laforge,Malard,,,Canada,,Québec,,Schefferville,Radisson,1994,-99,GRanD,1983,-99,,Built 1994,57,13,-99,1220,1054.043,1054.043,1288,-99,-99,3800,-99,3800,-99,3.5999999046325684,141348,85.19999694824219,430,6886,-99,-99,,,Main,,,,,,,,,Hydroelectricity,Yes,,http://en.wikipedia.org/wiki/Laforge-1_generating_station,2: Good,McGill-BL,-72.54791699999998,54.18220800000006,NA,NA,GRanD,CanVec,1998,70111055,Instream,45,7120172730,"c(-72.547917, 54.1822080000001)"
10,Robert Bourassa,La Grande 2,La Grande 2-A,Dam,,La Grande,,La Grande,,Canada,,Québec,,Radisson,,1977,-99,GRanD,1978,-99,,Built 1977,168,13,2826,631,2771.611,2771.611,2835,-99,-99,61720,-99,61720,-99,22.299999237060547,1825424,107.19999694824219,165,94257,-99,-99,,,Main,,,,,,,,,Hydroelectricity,Yes,Part of James Bay Hydroelectric Project,http://en.wikipedia.org/wiki/Robert-Bourassa_generating_station,1: Verified,McGill-BL,-77.45146299999999,53.78478800000005,NA,NA,GRanD,CanVec,1394,70123117,Instream,46,7120180750,"c(-77.451463, 53.784788)"
11,La Grande 3,La Grande 3,,Dam,,La Grande,Sakami,La Grande,,Canada,,Québec,,Radisson,,1981,-99,GRanD,-99,-99,,Built 1981,93,16,3845,215,2412.241,2412.241,2420,-99,-99,60020,-99,60020,-99,24.899999618530273,1223129,155.60000610351562,248,62405,-99,-99,,,Main,,,,,,,,,Hydroelectricity,Yes,Part of James Bay Hydroelectric Project,http://en.wikipedia.org/wiki/La_Grande-3_generating_station,1: Verified,McGill-BL,-75.96344799999997,53.729265000000055,NA,NA,GRanD,Other,1396,70125071,Instream,47,7120920870,"c(-75.963448, 53.7292650000001)"
12,Smallwood,Churchill Falls,Main Reservoir Dike GR-1; Michikamau,Dam,,Churchill South,,,,Canada,,Newfoundland and Labrador,,Churchill Falls,,1971,-99,GRanD,-99,-99,,Built 1971,16,20,518,250,5841.13,5841.13,2200,-99,-99,32320,-99,32320,-99,5.5,892163,114.9000015258789,411,45495,-99,-99,,,Main,,,,,,,,,Hydroelectricity,Yes,Alternative dam height: 11 m,,3: Fair,McGill-BL,-64.26149099999998,53.64879200000007,NA,NA,GRanD,Other,2000,70127278,Instream,49,7120187020,"c(-64.261491, 53.6487920000001)"
13,Cedar,Grand Rapids,,Dam,,Saskatchewan,,,,Canada,,Manitoba,,The Pas,,1965,-99,GRanD,-99,-99,,Built 1965,66,-99,13200,-99,2515.052,2515.052,2200,-99,500,9643.5,-99,9643.5,9640,3.799999952316284,594272,51.5,251,331739,-99,-99,,,Main,,,,,,,,,Hydroelectricity,,Not sure about area,,4: Poor,McGill-BL,-99.28995199999997,53.16006900000008,NA,NA,GRanD,Other,712,70143595,Instream,51,7120196620,"c(-99.289952, 53.1600690000001)"
14,Manicouagan,Daniel Johnson,Manic 5,Lake Control Dam,Yes,Manicouagan,,,,Canada,,Québec,,Baie Comeau,,1968,-99,GRanD,1971,-99,,Built 1968,214,15,1314,381,1802.536,1802.536,1940,-99,1200,35200,141850,35200,-99,19.5,601791,185.5,341,29288,-99,-99,,,Main,,,,,,,,,Hydroelectricity,,Volume of 141850 mcm is for entire regulated lake,,2: Good,McGill-BL,-68.72812499999998,50.64907500000004,NA,NA,GRanD,CanVec,2005,70231588,Instream,55,7120264860,"c(-68.728125, 50.649075)"
15,Lac Seul,Ear Falls Dam,Ear Falls Generating Station,Lake Control Dam,Enlarged,English River,,,,Canada,,Ontario,,Ear Falls,,1929,-99,GRanD,-99,-99,,Built 1929,-99,-99,-99,-99,1253.307,1253.307,500,-99,-99,1500,-99,1500,-99,1.2000000476837158,261595,18.200000762939453,353,26012,-99,-99,Capacity estimated,,Main,,,,,,,,,Hydroelectricity,,Dam raised water level by 3m over an extent of ~500 km2; maximum reservoir depth 47m,,3: Fair,McGill-BL,-93.20020799999998,50.63859000000008,NA,NA,GRanD,Other,714,70232088,Instream,56,7120264410,"c(-93.200208, 50.6385900000001)"
16,Nipigon,Pine Portage Main,,Lake Control Dam,Yes,Nipigon,,,,Canada,,Ontario,,Thunder Bay,,1950,-99,GRanD,-99,-99,,Built 1950,43,-99,898,-99,4521.427,4521.427,3000,-99,-99,12360,-99,12360,-99,2.700000047683716,356846,109.80000305175781,256,24626,-99,-99,,,Main,,,,,,,,,Hydroelectricity,,,,3: Fair,McGill-BL,-88.30937099999994,49.30787300000003,NA,NA,GRanD,CanVec,1402,70283953,Instream,58,7120302220,"c(-88.3093709999999, 49.307873)"
17,St. Jean,Isle Maligne Spillway 1,Isle Maligne Powerhouse Dam; Saint-Jean,Lake Control Dam,Yes,Grande Decharge,Saguenay,,,Canada,,Québec,,Alma,,1925,-99,GRanD,1926,-99,,Built 1925,45,44,216,540,1116.31,1116.31,700,-99,-99,6000,6000,5370,-99,5.400000095367432,1560694,12.199999809265137,95,72559,-99,-99,,,Main,,,,,,,,Sec,Hydroelectricity,Yes,,,3: Fair,McGill-BL,-71.63557099999997,48.57810500000005,NA,NA,GRanD,CanVec,2021,70304604,Instream,59,7120317270,"c(-71.635571, 48.578105)"
18,Gouin,Gouin,,Dam,,St. Maurice,,,,Canada,,Québec,,Sanmaur,Louvicourt,1918,-99,GRanD,1954,-99,,Built 1918,16,26,86,579,1323.011,1323.011,1570,-99,800,8573,-99,8573,-99,6.5,141426,192.1999969482422,399,8724,-99,-99,,Sec,Main,,,,,,,,,Hydroelectricity,Yes,,,2: Good,McGill-BL,-74.09918699999997,48.35383000000007,NA,NA,GRanD,CanVec,2023,70311374,Instream,60,7120323450,"c(-74.099187, 48.3538300000001)"
19,Red Lake Reservoir,Lower Red Lake Dam,,Dam,,Red Lake River,,,,United States,,Minnesota,,,,1931,-99,GRanD,-99,-99,,Built 1931,5,-99,11125,-99,1144.972,1144.972,1168.1,-99,-99,4228.4,4228.4,1492.5,-99,3.700000047683716,17914,748.5,352,4852,4975,-99,,,,Sec,Main,,,,,,,Flood control,,,,2: Good,UNH,-95.27221399999996,47.95603200000005,NA,NA,GRanD,SWBD,740,70325548,Instream,61,7120332760,"c(-95.272214, 47.956032)"
20,Lake Sakakawea,Garrison Dam,Fort Berthold Reservoir,Dam,,Missouri,,,,United States,,North Dakota,,,,1953,-99,GRanD,-99,-99,,Built 1953,64,-99,3444,-99,1130.064,1130.064,538.2,-99,-99,30220,30220,22819.4,-99,26.700000762939453,803718,119.19999694824219,555,462779,468632,-99,,Sec,Sec,,Main,Sec,Sec,,,,,Flood control,,,,2: Good,UNH,-101.43229199999996,47.50613000000004,NA,NA,GRanD,SWBD,753,70343625,Instream,62,7120989230,"c(-101.432292, 47.50613)"
21,Lake Oahe,Oahe Dam,,Dam,,Missouri,,,,United States,,South Dakota,North Dakota,,,1966,-99,GRanD,-99,-99,,Built 1966,75,-99,2835,-99,1095.03,1095.03,1521.6,-99,-99,29110,29110,23806.2,-99,26.600000381469727,965451,95.5999984741211,485,612788,630636,-99,,Sec,Sec,,Main,Sec,Sec,,,,,Flood control,,,,2: Good,UNH,-100.39796999999999,44.45631600000007,NA,NA,GRanD,SWBD,870,70445564,Instream,65,7120430570,"c(-100.39797, 44.4563160000001)"
22,Okeechobee,Structure 193,Hurricane Gate 6,Lake Control Dam,Yes,Taylor Creek,,,,United States,,Florida,,,,1972,-99,GRanD,-99,-99,,Built 1972,11,-99,-99,-99,1416.328,1416.328,-99,-99,-99,5669.1,10510,5669.1,-99,4,122663,146.60000610351562,0,14062,-99,-99,,,,,Main,,Sec,,,,,Flood control,,Volume of 10510 mcm is for entire regulated lake,http://www.dep.state.fl.us/water/mines/damsafe.htm,4: Poor,UNH,-81.10080599999998,26.941122000000064,NA,NA,GRanD,SWBD,1957,70834967,Instream,69,7120790980,"c(-81.100806, 26.9411220000001)"
23,Caroni,Guri,Raul Leoni; Guri Reservoir,Dam,,Caroni,Guri,Orinoco,,Venezuela,,Bolívar,,Ciudad Guayana,,1986,-99,GRanD,-99,-99,,Built 1986,162,-99,7426,-99,3645.55,3645.55,4250,-99,800,135000,-99,135000,-99,37,4348397,98.4000015258789,269,87350,85000,-99,,,Main,,,,,,,,,Hydroelectricity,,,,3: Fair,McGill-BL,-62.99791699999997,7.764054000000044,NA,NA,GRanD,SWBD,2294,60039006,Instream,73,6120988640,"c(-62.997917, 7.76405400000004)"
24,W.J. van Blommesteinmeer,Brokopondo,Afobaka; Brokopondo Reservoir,Dam,,Suriname,,,,Suriname,,Brokopondo,,Paranam,,1965,-99,GRanD,-99,-99,,Built 1965,66,-99,190,-99,1062.082,1062.082,1560,-99,-99,22700,-99,22700,-99,21.399999618530273,411170,175.10000610351562,42,12936,12200,-99,,,Main,,,,,,,,,Hydroelectricity,,,,2: Good,McGill-BL,-54.99915299999998,4.984290000000044,NA,NA,GRanD,SWBD,2361,60147199,Instream,74,6120117860,"c(-54.999153, 4.98429000000004)"
25,Balbina Reservoir,Balbina,,Dam,,Uatuma,,Amazonas,,Brazil,,Amazonas,,Manaus,,1987,-99,GRanD,-99,-99,,Built 1987,33,-99,2920,-99,2294.945,2294.945,2360,-99,-99,17533,-99,17533,7778,7.599999904632568,704488,78.9000015258789,36,18895,-99,-99,,,Main,,,,,,,,,Hydroelectricity,,,,2: Good,McGill-BL,-59.477150999999935,-1.914498999999978,NA,NA,GRanD,SWBD,2363,60525610,Instream,75,6120251170,"c(-59.4771509999999, -1.91449899999998)"
26,Tucurui,Tucurui,Raul G. Lhano,Dam,,Tocantins,,Amazonas,,Brazil,,Pará,,Tucurui,,1984,-99,GRanD,-99,-99,,Built 1984,86,93,9188,-99,2338.85,2338.85,2606,3200,-99,49536,49536,45500,32013,21.200000762939453,11599897,13.5,69,762670,-99,-99,,,Main,,,,Sec,,,,,Hydroelectricity,,,,3: Fair,McGill-BL,-49.64723399999997,-3.8327909999999292,NA,NA,GRanD,SWBD,2365,60655045,Instream,76,6120294810,"c(-49.647234, -3.83279099999993)"
27,Itaparica,Sobradinho Main Dam,Sobradinho Reservoir; Bsobrandinho,Dam,,Sao Francisco,,Sao Francisco,,Brazil,,Bahia,,Petrolina,Juazeiro,1979,-99,GRanD,-99,-99,,Built 1979,43,41,8532,-99,2604.265,2604.265,4124,5000,-99,34100,-99,34100,-99,13.100000381469727,2671621,40.5,384,500632,-99,-99,,Sec,Main,,,,Sec,,,,,Hydroelectricity,,Polygon too small?,http://en.wikipedia.org/wiki/Sobradinho,3: Fair,McGill-BL,-40.824116999999944,-9.42265999999995,NA,NA,GRanD,McGill,2516,60975854,Instream,77,6120464720,"c(-40.8241169999999, -9.42265999999995)"
28,Repressa de Jupia,Ilha Solteira,Ilha Solteira Reservoir,Dam,,Parana,,De la Plata,,Brazil,,Mato Grosso do Sul,São Paulo,Ilha Solteira,,1973,-99,GRanD,-99,-99,,Built 1973,74,-99,6185,-99,1074.1,1074.1,1076,1200,-99,21170,21170,21166,21060,19.700000762939453,5319643,12.600000381469727,322,372642,-99,-99,,,Main,,,,Sec,,,,,Hydroelectricity,,,,3: Fair,McGill-BL,-51.377076999999986,-20.372909999999933,NA,NA,GRanD,SWBD,2390,61301485,Instream,80,6120713610,"c(-51.377077, -20.3729099999999)"
29,Porto Primavera Reservoir,Porto Primavera,,Dam,,Parana,,De la Plata,,Brazil,,Mato Grosso do Sul,São Paulo,Presidente Epitacio,,1999,-99,GRanD,-99,-99,,Built 1999,38,-99,-99,-99,1201.883,1201.883,2250,-99,-99,20000,-99,20000,18500,16.600000381469727,7271728,8.699999809265137,251,572634,-99,-99,,,Main,,Sec,,Sec,,,,,Hydroelectricity,,,,3: Fair,McGill-BL,-52.958684999999946,-22.471581999999955,NA,NA,GRanD,SWBD,2401,61337389,Instream,81,6120751000,"c(-52.9586849999999, -22.471582)"
30,Itaipu,Itaipu,,Dam,,Parana Yacyreta,,De la Plata,,Paraguay,Brazil,Alto Paraná,Paraná,Hermandarias,Foz do Iguaqu,1983,-99,GRanD,-99,-99,,Built 1983,196,-99,8000,9900,1154.021,1154.021,1350,2000,-99,29000,-99,29000,19000,25.100000381469727,10027341,9.199999809265137,215,824129,820000,-99,,,Main,,,,Sec,,,,,Hydroelectricity,,Not sure about area and capacity,,4: Poor,McGill-BL,-54.594791999999984,-25.405426999999975,NA,NA,GRanD,SWBD,2432,61383528,Instream,82,6120791820,"c(-54.594792, -25.405427)"
31,Aperea,Yacyreta,,Dam,,Parana,,De la Plata,,Paraguay,Argentina,Itapúa,Corrientes,Ituzaingo,Ayolas,1994,-99,GRanD,1991,-99,,Built 1994,42,43,69600,64700,1109.41,1109.41,1600,1720,-99,21000,-99,21000,-99,18.899999618530273,13145082,5.099999904632568,72,941970,-99,-99,,Sec,Main,,,,Sec,,,,,Hydroelectricity,,,,3: Fair,McGill-BL,-56.62636399999997,-27.393988999999976,NA,NA,GRanD,SWBD,2445,61415406,Instream,83,6120815360,"c(-56.626364, -27.393989)"
32,Khantayskoye,Ust-Khantaika,,Dam,,Khantaika,,,,Russia,,Krasnoyarsk,,Norilsk,,1970,-99,GRanD,-99,-99,,Built 1970,65,-99,420,4467,2204.103,2204.103,1760,-99,1200,23500,-99,23500,-99,10.699999809265137,240765,309.5,-221,16959,-99,-99,,,Main,,,,,,,,,Hydroelectricity,,,,3: Fair,McGill-BL,87.76145800000006,68.12483000000003,NA,NA,GRanD,Other,4783,30106367,Instream,93,3120144380,"c(87.7614580000001, 68.12483)"
33,Imandra,Kumskaya,,Lake Control Dam,Yes,Kuma,,,,Russia,,Murmansk,,Kandalaksha,,1963,-99,GRanD,-99,-99,,Built 1963,20,-99,700,-99,1071.084,1071.084,1910,-99,600,10800,-99,10800,-99,10.100000381469727,98574,347.3999938964844,113,10429,-99,-99,,,Main,,,,,,,,,Hydroelectricity,,Natural lake existed before; size increased with hydroelectric dam,,2: Good,McGill-BL,32.55520800000005,67.41145800000004,NA,NA,GRanD,Other,4350,20031536,Instream,94,2120132050,"c(32.555208, 67.411458)"
34,Vilyuyskoye,Vilyui,Vilyuy Reservoir,Dam,,Vilyui,,,,Russia,,Sakha,Sakha (Yakutia),Mirnyi,,1967,-99,GRanD,-99,-99,,Built 1967,64,-99,600,-99,2204.008,2204.008,2170,-99,800,35900,-99,35900,-99,16.299999237060547,658742,172.8000030517578,51,137267,-99,-99,,,Main,,,,,,,,,Hydroelectricity,,,,3: Fair,McGill-BL,112.4770830000001,63.03429100000005,NA,NA,GRanD,Other,5180,30269029,Instream,96,3120318160,"c(112.477083, 63.034291)"
35,Saimaa,Tainionkoski,,Lake Control Dam,Yes,Vuoksi,,,,Finland,,Southern Finland,Eastern Finland,Imatra,,1948,-99,GRanD,-99,-99,,Built 1948,17,-99,700,-99,4448.599,4448.599,4500,-99,-99,5600,-99,5600,-99,1.2999999523162842,606956,29.299999237060547,22,68116,-99,-99,,,Main,,,,,,,,,Hydroelectricity,,Size of natural lake increased with dam,,2: Good,McGill-BL,28.781250000000057,61.22708300000005,NA,NA,GRanD,Other,3733,20144018,Instream,99,2120216240,"c(28.7812500000001, 61.227083)"
36,Lake Onega,Verkhne-Svirskaya,Upper Svir Dam; Podporozhe Dam,Lake Control Dam,Yes,Svir,,,,Russia,,Leningrad,Karelia,St. Petersburg,,1952,-99,GRanD,-99,-99,,Built 1952,32,-99,111,-99,10021.251,10021.251,9730,10900,-99,17500,-99,17500,-99,1.7000000476837158,616510,90,1,59064,-99,-99,,,Main,,,,Sec,,,,,Hydroelectricity,,This dam regulates natural Lake Onega (also called Lake Onego; Lake Onegh; Lake Onda),,2: Good,McGill-BL,34.16145800000004,60.91987300000005,NA,NA,GRanD,Other,4356,20148839,Instream,100,2120220710,"c(34.161458, 60.919873)"
37,Vanern,Vargon,,Lake Control Dam,Yes,Gotaalv,,,,Sweden,,Västra Götaland,Värmland,Sweden,,1934,-99,GRanD,-99,-99,,Built 1934,20,-99,-99,-99,5518.466,5518.466,5500,-99,5100,9500,-99,9500,-99,1.7000000476837158,524757,57.400001525878906,43,48426,-99,-99,,,Main,,,,Sec,,,,,Hydroelectricity,,,,3: Fair,McGill-BL,12.376234933000035,58.35652648700005,NA,NA,GRanD,Other,3187,20192126,Instream,105,2120260350,"c(12.376234933, 58.356526487)"
38,Kamskoye,Kama,Kama Reservoir,Dam,,Kama,,,,Russia,,Perm,,Perm,,1954,-99,GRanD,-99,-99,,Built 1954,37,-99,386,-99,1593.323,1593.323,1920,-99,1000,12200,-99,12200,-99,7.699999809265137,1633770,23.700000762939453,103,166876,-99,-99,,,Main,Sec,,,Sec,,,,,Hydroelectricity,,,,3: Fair,McGill-BL,56.33950200000004,58.11598400000008,NA,NA,GRanD,McGill,4623,20196341,Instream,106,2120261700,"c(56.339502, 58.1159840000001)"
39,Rybinkskoye,Rybinsk,Rybinsk Reservoir,Dam,,Volga,,,,Russia,,Yaroslavl',Vologda,Rybinsk,,1941,-99,GRanD,-99,-99,,Built 1941,30,-99,104,-99,4063.748,4063.748,4450,-99,2800,25400,-99,25400,-99,6.300000190734863,993570,81.0999984741211,96,150074,-99,-99,,,Main,Sec,,,Sec,,,,,Hydroelectricity,,,,3: Fair,McGill-BL,38.70203900000007,58.10208800000004,NA,NA,GRanD,SWBD,4360,20196385,Instream,107,2121068660,"c(38.7020390000001, 58.102088)"
40,Ust-Ilimskoye,Ust-Ilim,,Dam,,Angara,,,,Russia,,Irkutsk,,Ust-Ilimsk,,1977,-99,GRanD,-99,-99,,Built 1977,102,-99,1477,2248,1711.34,1711.34,1890,-99,800,59300,-99,59300,-99,34.70000076293945,3438245,54.70000076293945,290,782364,-99,-99,,,Main,,,,Sec,,,,,Hydroelectricity,,,,3: Fair,McGill-BL,102.66878600000007,57.97666500000008,NA,NA,GRanD,SWBD,5054,30429356,Instream,108,3120485420,"c(102.668786, 57.9766650000001)"
41,Gorkovskoye,Gorky,Gorkovsky Reservoir,Dam,,Volga,,,,Russia,,Nizhegorod,Ivanovo,Nizhny Novgorod,,1955,-99,GRanD,-99,-99,,Built 1955,32,-99,293,-99,1332.099,1332.099,1590,-99,600,8700,-99,8700,-99,6.5,1460197,18.899999618530273,79,230390,-99,-99,,,Main,Sec,,,Sec,,,,,Hydroelectricity,,,,3: Fair,McGill-BL,43.385169000000076,56.665099000000055,NA,NA,GRanD,SWBD,4363,20220808,Instream,109,2120285010,"c(43.3851690000001, 56.665099)"
42,Bratskoye,Bratsk,Bratsk Reservoir,Dam,,Angara,,,,Russia,,Irkutsk,,Bratsk,,1964,-99,GRanD,-99,-99,,Built 1964,125,-99,1430,2987,4832.802,4832.802,5470,-99,2000,169000,-99,169000,-99,35,2967669,180.60000610351562,389,734125,-99,-99,,,Main,Sec,,,Sec,,,,,Hydroelectricity,,,,3: Fair,McGill-BL,101.78541300000006,56.28411200000005,NA,NA,GRanD,SWBD,5055,30481453,Instream,110,3120533770,"c(101.785413, 56.284112)"
43,Cheboksary,Cheboksary,,Dam,,Volga,,,,Russia,,Chuvash,Mariy-El,Cheboksary,,-99,-99,,-99,-99,,Unknown year,42,-99,142,-99,1014.05,1014.05,2182,-99,-99,12800,-99,12800,-99,12.600000381469727,3313150,12.300000190734863,60,605998,-99,-99,,,Main,,,,Sec,,,,,Hydroelectricity,,,,3: Fair,McGill-BL,47.46340100000003,56.13958300000007,NA,NA,GRanD,SWBD,4625,20230396,Instream,111,2120292770,"c(47.463401, 56.1395830000001)"
44,Krasnoyarskoye,Krasnoyarsk,Krasnoyarsk Reservoir,Dam,,Yenisei,,,,Russia,,Krasnoyarsk,Khakass,Krasnoyarsk,,1972,-99,GRanD,1956,-99,,Built 1972,124,-99,1065,-99,1636.885,1636.885,2130,-99,1000,73300,-99,73300,-99,44.79999923706055,2686027,86.5,222,290947,-99,-99,,,Main,,,,Sec,,,,,Hydroelectricity,,Built from 1956 to 1972,http://en.wikipedia.org/wiki/Krasnoyarsk_hydroelectric_dam,1: Verified,McGill-BL,92.29324000000008,55.933970000000045,NA,NA,GRanD,SWBD,5056,30493091,Instream,112,3120925630,"c(92.2932400000001, 55.93397)"
45,Novosibirskoye,Novosibrisk,,Dam,,Ob,,,,Russia,,Novosibirsk,Altay,Novosibirsk,,1957,-99,GRanD,-99,-99,,Built 1957,27,-99,4382,199,1028.684,1028.684,1070,-99,600,8800,-99,8800,-99,8.600000381469727,1627633,17.100000381469727,103,228515,-99,-99,,,Main,Sec,,,Sec,,,,,Hydroelectricity,,,,3: Fair,McGill-BL,83.00104200000004,54.842791000000034,NA,NA,GRanD,SWBD,4785,30522786,Instream,113,3120577330,"c(83.001042, 54.842791)"
46,Zeyskoye,Zeya,,Dam,,Zeya,,,,Russia,,Amur,,Blagoveshchensk,,1978,-99,GRanD,-99,-99,,Built 1978,115,-99,758,-99,2244.56,2244.56,2420,-99,1200,68400,-99,68400,-99,30.5,500162,433.6000061035156,307,82119,-99,-99,,,Main,,Sec,,Sec,,,,,Hydroelectricity,,,,3: Fair,McGill-BL,127.30685400000004,53.77057800000006,NA,NA,GRanD,SWBD,5834,40011296,Instream,115,4120091570,"c(127.306854, 53.7705780000001)"
47,Kuybyshevskoye,Kuibyshev,Kuybyshev Reservoir,Dam,,Volga,,,,Russia,,Samara,Tatarstan,Samara,,1955,-99,GRanD,-99,-99,,Built 1955,45,-99,981,-99,5082.661,5082.661,6150,-99,3000,58000,-99,58000,-99,11.399999618530273,7739459,23.799999237060547,44,1205909,-99,-99,,Sec,Main,Sec,,,Sec,,,,,Hydroelectricity,,,,3: Fair,McGill-BL,49.496391000000074,53.45811100000003,NA,NA,GRanD,SWBD,4628,20284610,Instream,116,2120340950,"c(49.4963910000001, 53.458111)"
48,Ijsselmeer,Afsluitdijk,,Lake Control Dam,Yes,Zuiderzee,,,,Netherlands,,IJsselmeer,Flevoland,Den Oever,,1932,-99,GRanD,-99,-99,,Built 1932,19,-99,32000,-99,1970.583,1970.583,1200,1500,-99,5120,-99,5120,-99,2.5999999046325684,144890,112.0999984741211,-6,10569,-99,-99,,,,,Main,,,,,,,Flood control,,Dam for tide control; connects to North Sea; not an ordinary reservoir,,3: Fair,McGill-BL,5.647917000000064,52.61458300000004,NA,NA,GRanD,McGill,6819,20306361,Instream,117,2120023320,"c(5.64791700000006, 52.614583)"
49,Saratov Reservoir,Saratov,,Dam,,Volga,,,,Russia,,Saratov,Samara,Balakovo,,1967,-99,GRanD,-99,-99,,Built 1967,40,-99,15260,-99,1077.697,1077.697,1830,-99,-99,12900,-99,12900,-99,12,8035998,5.099999904632568,22,1289567,-99,-99,,Sec,Main,Sec,,,Sec,,,,,Hydroelectricity,,,,3: Fair,McGill-BL,47.75783300000006,52.05370400000004,NA,NA,GRanD,SWBD,4629,20322311,Instream,118,2120376770,"c(47.7578330000001, 52.053704)"
50,Lake Zaysan,Bukhtarma,,Lake Control Dam,Yes,Irtysh,,,,Kazakhstan,,East Kazakhstan,,Ust-Kamenogorsk,,1960,-99,GRanD,-99,-99,,Built 1960,90,-99,380,-99,4206.249,4206.249,5490,-99,3000,49800,-99,49800,-99,11.800000190734863,802318,196.8000030517578,387,143970,-99,-99,,,Main,,,,Sec,,,,,Hydroelectricity,,Dam forms its own reservoir but also raises the level of upstream (natural) Lake Zaysan by 6 metres,,3: Fair,McGill-BL,83.34758000000005,49.655849000000046,NA,NA,GRanD,SWBD,4787,30638768,Instream,122,3120981110,"c(83.34758, 49.655849)"
51,Kremenchugskoye,Kremenchug,Kremenshugskoye; Kremenchuk Reservoir,Dam,,Dniepr,Dnieper,,,Ukraine,,Poltava,Cherkasy,Kremenchug,,1960,-99,GRanD,-99,-99,,Built 1960,33,-99,191,-99,1855.079,1855.079,2252,-99,1500,13520,-99,13520,-99,7.300000190734863,1618834,26.5,77,388064,-99,-99,,Sec,Main,Sec,,,Sec,,,,,Hydroelectricity,,,,3: Fair,McGill-BL,33.24733700000007,49.08115500000008,NA,NA,GRanD,SWBD,4371,20396385,Instream,125,2120453200,"c(33.2473370000001, 49.0811550000001)"
52,Volgogradskoye,Volgograd,Volgograd Reservoir,Dam,,Volga,,,,Russia,,Volgograd,Saratov,Volgograd,,1958,-99,GRanD,-99,-99,,Built 1958,44,-99,725,-99,2622.532,2622.532,3120,-99,2500,31500,-99,31500,-99,12,8230000,12.100000381469727,7,1359295,-99,-99,,Sec,Main,Sec,,,Sec,,,,,Hydroelectricity,,,,3: Fair,McGill-BL,44.681250000000034,48.82708300000007,NA,NA,GRanD,SWBD,4372,20403382,Instream,126,2120460200,"c(44.68125, 48.8270830000001)"
53,Tsimlyanskoye,Tsimliansk,,Dam,,Don,,,,Russia,,Rostov,Volgograd,Rostov,,1952,-99,GRanD,-99,-99,,Built 1952,41,-99,495,-99,2260.539,2260.539,2700,-99,2100,24000,-99,24000,-99,10.600000381469727,668805,113.80000305175781,29,253931,-99,-99,,Sec,Main,,,,Sec,,,,,Hydroelectricity,,,,3: Fair,McGill-BL,42.110453000000064,47.610460000000046,NA,NA,GRanD,SWBD,4375,20438061,Instream,128,2120492090,"c(42.1104530000001, 47.61046)"
54,Kakhovskoye,Kakhovskaya,Kakhovka Reservoir,Dam,,Dniepr,,,,Ukraine,,Kherson,Zaporizhia,Kakhovka,,1955,-99,GRanD,-99,-99,,Built 1955,37,-99,437,-99,2098.163,2098.163,2155,-99,1600,18180,-99,18180,-99,8.699999809265137,1499857,38.400001525878906,11,487441,-99,-99,,Sec,Main,Sec,,,Sec,,,,,Hydroelectricity,,,,3: Fair,McGill-BL,33.37291700000003,46.78125000000006,NA,NA,GRanD,SWBD,4376,20460790,Instream,129,2120513270,"c(33.372917, 46.7812500000001)"
55,Kapchagayskoye,Kapchagay,Qapshaghay Bogeni Reservoir,Dam,,Ili,,,,Kazakhstan,,Almaty,,Alma-Ata,,1970,-99,GRanD,-99,-99,,Built 1970,52,-99,840,-99,1208.303,1208.303,1850,-99,800,28100,-99,28100,-99,23.299999237060547,197454,451.29998779296875,474,113658,-99,-99,,Sec,Main,,,,Sec,,,,,Hydroelectricity,,,,3: Fair,McGill-BL,77.10359500000004,43.921730000000025,NA,NA,GRanD,SWBD,4789,40223354,Instream,135,4121255790,"c(77.103595, 43.92173)"
56,Buhayrat ath Tharthar,Thartar,Lake Tharthar,Lake Control Dam,Yes,,,,,Iraq,,Al-Anbar,Sala ad-Din,,,-99,-99,,-99,-99,,Unknown year,-99,-99,-99,-99,1698.361,1698.361,1500,-99,-99,43500,85000,43500,36000,25.600000381469727,43226,3191.10009765625,44,27149,-99,-99,,Main,,,Sec,,,,,,,Irrigation,,Formerly a salt playa lake in a depression; 40 to 65 meters deep; operational volume 43500 mcm,http://en.wikipedia.org/wiki/Lake_Tharthar,3: Fair,McGill-BL,43.46037600000005,33.68962700000003,NA,NA,GRanD,SWBD,4472,20729635,Instream,144,2121277350,"c(43.4603760000001, 33.689627)"
57,Hongze,Sanhezha,Hungtze,Dam,,Huai He,,Huai He,,China,,Jiangsu,,Xuyi,Hongzehu,1953,-99,GRanD,-99,-99,,Built 1953,15,-99,-99,-99,1373.768,1373.768,1300,-99,-99,13500,-99,13500,4000,9.800000190734863,1293236,33.099998474121094,9,165047,-99,-99,,Sec,,,Main,,,,,,,Flood control,,,,3: Fair,McGill-BL,118.72699100000011,33.089530000000025,NA,NA,GRanD,SWBD,5295,40575971,Instream,145,4120672600,"c(118.726991, 33.08953)"
58,Bahr al Milh,Raza Dike,Razazah,Dam,,OS,,,,Iraq,,Karbala',Al-Anbar,Kerbala,,1970,-99,GRanD,-99,-99,,Built 1970,18,-99,3770,-99,1329.487,1329.487,1500,-99,1000,26000,-99,26000,-99,19.600000381469727,0,-99,28,67858,-99,-99,,,,,Main,,,,,,,Flood control,,Reservoir is off stream,,3: Fair,McGill-BL,43.89270800000003,32.69724400000007,NA,NA,GRanD,SWBD,4474,20745692,Instream,146,2120783590,"c(43.892708, 32.6972440000001)"
59,Lake Nasser,High Aswan Dam,,Dam,,Nile,,Nile,,Egypt,Sudan,Aswan,Northern,Aswan,,1970,-99,GRanD,-99,-99,,Built 1970,111,-99,3830,-99,5372.169,5372.169,6500,-99,3000,162000,-99,162000,90000,30.200000762939453,2669791,192.39999389648438,178,2764126,-99,-99,,Main,Sec,,Sec,,,,,,,Irrigation,,,,1: Verified,McGill-BL,32.88645800000006,23.967280000000073,NA,NA,GRanD,SWBD,4478,10210399,Instream,152,1120324470,"c(32.8864580000001, 23.9672800000001)"
60,Kainji,Kainji,,Dam,,Niger,,Niger,,Nigeria,,Niger,Kebbi,Kainji,,1968,-99,GRanD,-99,-99,,Built 1968,79,66,-99,-99,1030.669,1030.669,1250,-99,1000,15000,-99,15000,-99,14.600000381469727,1388535,34.29999923706055,137,1571130,-99,-99,,,Main,,,,,,,,,Hydroelectricity,,,,3: Fair,McGill-BL,4.612749000000065,9.866081000000065,NA,NA,GRanD,SWBD,3640,10637985,Instream,155,1120824180,"c(4.61274900000006, 9.86608100000007)"
61,Volta,Akosombo Main Dam,Akosombo Saddle Dam,Dam,,Volta,,Volta,,Ghana,,Eastern,Oti,Accra,,1965,-99,GRanD,1965,-99,,Built 1965,114,37,660,355,6019.489,6019.489,8500,-99,8482,148000,-99,148000,-99,24.600000381469727,1372072,342,66,404375,-99,-99,,Sec,Main,,,,,,,,,Hydroelectricity,Yes,,http://www.vra.com/Power/akohydro.html,1: Verified,McGill-BL,0.06034700000003568,6.3026270000000295,NA,NA,GRanD,SWBD,3667,10798998,Instream,156,1122020280,"c(0.0603470000000357, 6.30262700000003)"
62,Cahora Bassa,Cahora Bassa,Cabora Bassa,Dam,,Zambezi,,Zambezi,,Mozambique,Zimbabwe,Tete,,Tete,,1974,-99,GRanD,-99,-99,,Built 1974,171,-99,-99,-99,2041.52,2041.52,2660,2740,2580,63000,63000,52000,39000,30.899999618530273,2652541,75.30000305175781,314,1068237,-99,-99,,Main,Sec,,Sec,,,,,,,Irrigation,,,,3: Fair,McGill-BL,32.70431800000006,-15.586300999999935,NA,NA,GRanD,SWBD,4505,11300117,Instream,171,1121430330,"c(32.7043180000001, -15.5863009999999)"
63,Kariba,Kariba,,Dam,,Zambezi,,Zambezi,,Zimbabwe,Zambia,Mashonaland West,Southern,Harare,Lusaka,1959,-99,GRanD,-99,-99,,Built 1959,128,-99,-99,-99,5259.305,5259.305,5540,-99,5000,185000,-99,185000,160000,35.20000076293945,1315381,446,485,679344,-99,1350,,,Main,,,,,,,,,Hydroelectricity,,Installed hydropower capacity 1350 MW,,2: Good,McGill-BL,28.760417000000075,-16.52291699999995,NA,NA,GRanD,SWBD,4056,11322347,Instream,172,1122210630,"c(28.7604170000001, -16.522917)"
64,,Snare Rapids,,Dam,,Snare,,,,Canada,,Northwest Territories,,Yellowknife,,1949,-99,GRanD,-99,-99,,Built 1949,-99,-99,233,-99,140.01,140.01,-99,-99,-99,271.4,-99,271.4,-99,1.899999976158142,38586,22.299999237060547,202,13294,-99,-99,,,,,,,,,,,,,,,,3: Fair,McGill-BL,-116.00453499999998,63.51121600000005,NA,NA,GRanD,CanVec,235,80166637,Instream,310,8120216480,"c(-116.004535, 63.511216)"
65,,East Forebay Dike GF-16,,Lake Control Dam,Maybe,North River,,,,Canada,,Manitoba,,,,-99,-99,,-99,-99,,Unknown year,-99,-99,-99,-99,125.385,125.385,-99,-99,-99,790,-99,790,-99,6.300000190734863,18850,132.89999389648438,258,3682,-99,-99,,,Main,,,,,,,,,Hydroelectricity,,Not sure,,4: Poor,McGill-BL,-96.99145699999997,58.282178000000044,NA,NA,GRanD,CanVec,701,70022243,Instream,448,7120104980,"c(-96.991457, 58.282178)"
66,Stephens,Kettle Rapids Main Dam,Kettle Rapids Saddle Dam,Dam,,Nelson,,,,Canada,,Manitoba,,Gillam,,1970,-99,GRanD,1969,-99,,Built 1970,46,37,1700,1155,318.586,318.586,300,-99,-99,2530,-99,2530,-99,7.900000095367432,2299490,3.5,132,991521,-99,-99,,,Main,,,,,,,,,Hydroelectricity,Yes,,,2: Good,McGill-BL,-94.63644599999998,56.38120900000007,NA,NA,GRanD,Other,705,70057023,Instream,477,7120129010,"c(-94.636446, 56.3812090000001)"
67,,Kelsey,,Dam,,Nelson,,,,Canada,,Manitoba,,Thompson,,1960,-99,GRanD,-99,-99,,Built 1960,37,-99,1570,-99,126.681,126.681,150,-99,-99,1850,-99,1850,-99,14.600000381469727,2191193,2.700000047683716,177,948696,-99,-99,,,Main,,,,,,,,,Hydroelectricity,,Kelsey Dam is part of the Nelson River hydroelectric project; not sure about exact reservoir extent,http://en.wikipedia.org/wiki/Nelson_River_Hydroelectric_Project,3: Fair,McGill-BL,-96.53437499999995,56.038725000000056,NA,NA,GRanD,Other,707,70064526,Instream,486,7120134100,"c(-96.534375, 56.0387250000001)"
68,Laforge 2,Laforge 2,,Dam,,Laforge,Fontanges,,,Canada,,Québec,,Schefferville,,1982,-99,GRanD,1981,-99,,Built 1982,24,18,800,1050,294.947,294.947,260,-99,-99,1840,-99,1840,-99,6.199999809265137,28466,205,475,1601,-99,-99,,,Main,,,,,,,,,Hydroelectricity,Yes,Main outlet dam not at correct location,http://en.wikipedia.org/wiki/Laforge-2_generating_station,2: Good,McGill-BL,-70.71363099999996,54.82139700000005,NA,NA,GRanD,Other,1996,70093759,Instream,540,7120911090,"c(-70.713631, 54.821397)"
69,,Menihek,,Dam,,Ashuanipi,,,,Canada,,Newfoundland and Labrador,,Knob Lake,,1954,-99,GRanD,-99,-99,,Built 1954,11,-99,7590,-99,337.524,337.524,-99,-99,-99,346.6,-99,346.6,-99,1,396644,2.799999952316284,482,18783,-99,-99,,,,,,,,,,,,,,,,3: Fair,McGill-BL,-66.61465899999996,54.46868100000006,NA,NA,GRanD,CanVec,1997,70102771,Instream,556,7120163860,"c(-66.614659, 54.4686810000001)"
70,La Grande 4,La Grande 4,,Dam,,La Grande,,La Grande,,Canada,,Québec,,Radisson,,1981,-99,GRanD,-99,-99,,Built 1981,128,-99,3750,-99,809.726,809.726,765,-99,-99,19530,-99,19530,-99,24.100000381469727,716494,86.4000015258789,369,34525,-99,-99,,,Main,,,,,,,,,Hydroelectricity,,Part of James Bay Hydroelectric Project,,1: Verified,McGill-BL,-73.46268699999996,53.88676700000008,NA,NA,GRanD,CanVec,1999,70120531,Instream,585,7120180040,"c(-73.462687, 53.8867670000001)"
71,Tobin,E.B. Campbell,Squaw Rapids,Dam,,Saskatchewan,,,,Canada,,Saskatchewan,,Prince Albert,,1962,-99,GRanD,-99,-99,,Built 1962,34,-99,744,722,262.259,262.259,200,-99,-99,2200,2200,2195.6,-99,8.399999618530273,491746,14.199999809265137,286,256244,-99,-99,,,Main,,,Sec,,,,,,Hydroelectricity,,Squaw Rapids Dam was renamed E.B. Campbell Dam; but there may be a second dam for this reservoir,,3: Fair,McGill-BL,-103.40219299999995,53.65936700000003,NA,NA,GRanD,CanVec,710,70127615,Instream,589,7120921320,"c(-103.402193, 53.659367)"
72,Nechako Reservoir,Kenney,Ootsa Lake,Dam,,Nechako,,,,Canada,,British Columbia,,Prince George,,1952,-99,GRanD,1953,-99,,Built 1952,104,-99,457,549,842.754,842.754,-99,-99,-99,23800,-99,23800,-99,28.200000762939453,121503,621.0999755859375,846,13971,-99,-99,,,Main,,,,,,,,,Hydroelectricity,Yes,"Several dams; and several names for different stretches of lake, incl. Ootsa, Whitesail, Eutsuk, Natalkuz, Chedakuz, Knewstubb, Tetachuck",http://en.wikipedia.org/wiki/Nechako_Reservoir,3: Fair,McGill-BL,-124.94789499999996,53.57706100000007,NA,NA,GRanD,Other,15,70129786,Instream,591,7120185230,"c(-124.947895, 53.5770610000001)"
73,,West Forebay Dike GJ-18,East Forebay Dike FF-10A,Dam,,Whitefish Falls,Portage Creek,,,Canada,,Newfoundland and Labrador,,Churchill Falls,Churchill Falls,1971,-99,GRanD,1971,-99,,Built 1971,23,36,749,1730,141.045,141.045,-99,-99,-99,793.1,793.1,481.1,-99,5.599999904632568,902867,2.799999952316284,438,46056,-99,-99,,,Main,,,,,,,,,Hydroelectricity,Yes,"Not sure; seems to be part of the Smallwood Reservoir dyke complex, but capacity is very small",,4: Poor,McGill-BL,-63.967250999999976,53.53564400000005,NA,NA,GRanD,Other,2001,70131683,Instream,593,7120187840,"c(-63.967251, 53.535644)"
74,Ossokamanuan Reservoir,Gabbro Control Dam,,Dam,,,,,,Canada,,Newfoundland and Labrador,,,,-99,-99,,-99,-99,,Unknown year,-99,-99,-99,-99,766.058,766.058,420,-99,-99,17753.3,-99,-99,-99,23.200000762939453,457549,123,461,23180,-99,-99,Capacity from statistics - Eq 2,,,,,,,,,,,,,Part of the Smallwood Reservoir complex,,3: Fair,McGill-BL,-64.60870799999998,53.40024100000005,NA,NA,GRanD,CanVec,2002,70135581,Instream,597,7120187820,"c(-64.608708, 53.400241)"
75,Opinaca,Opinaca,Eastmain,Dam,,Eastmain,Opinaca,,,Canada,,Québec,,Eastmain,Radisson,1980,-99,GRanD,1979,-99,,Built 1980,33,32,3259,414,933.093,933.093,1040,-99,-99,8490,-99,8490,-99,9.100000381469727,955729,28.200000762939453,208,40949,-99,-99,,,Main,,,,,,,,,Hydroelectricity,Yes,Main outlet dam may not be at correct location,,4: Poor,McGill-BL,-76.58385099999998,52.211505000000045,NA,NA,GRanD,Other,1397,70176739,Instream,623,7120221260,"c(-76.583851, 52.211505)"
76,,Eastmain-1,,Dam,,Eastmain,,James Bay,,Canada,,Québec,,Baie-James,,2005,-99,GRanD,-99,-99,,Built 2005,69,-99,890,-99,593.434,593.434,603,-99,-99,6940,-99,6940,-99,11.699999809265137,612021,36,226,26683,25800,-99,,,Main,,,,,,,,,Hydroelectricity,Yes,"This is part of the vast Eastmain Complex, which includes a number of associated dams and reservoirs",https://fr.wikipedia.org/wiki/Am%C3%A9nagement_de_l%27Eastmain-1,2: Good,McGill-PB,-75.884595408999985,52.19145607300004,NA,NA,GRanD,JRC-GSW-mod,6922,70177406,Instream,624,7120221380,"c(-75.884595409, 52.191456073)"
77,Kinbasket,Mica,,Dam,,Columbia,,,,Canada,,British Columbia,,Revelstoke,,1972,-99,GRanD,-99,-99,,Built 1972,243,-99,792,-99,420.76,420.76,-99,-99,-99,25000,-99,25000,-99,59.400001525878906,571464,138.6999969482422,727,20976,-99,-99,,,Main,,,,,,,,,Hydroelectricity,,,,3: Fair,McGill-BL,-118.56979199999995,52.07799300000005,NA,NA,GRanD,CanVec,250,70181237,Instream,628,7120225080,"c(-118.569792, 52.077993)"
78,Petit Manicouagan,Hart Jaune,Centrale de la Hart-Jaune,Dam,,Hart Jaune,,,,Canada,,Québec,,Gagnon,,1960,-99,GRanD,-99,-99,,Built 1960,23,-99,2804,-99,215.203,215.203,200,-99,-99,2500,2500,1550,-99,11.600000381469727,103985,76.19999694824219,500,4571,-99,-99,,,Main,,,,,,,,,Hydroelectricity,Yes,,http://fr.wikipedia.org/wiki/Centrale_de_la_Hart-Jaune,3: Fair,McGill-BL,-67.80468999999994,51.824790000000064,NA,NA,GRanD,Other,2003,70190069,Instream,634,7120232400,"c(-67.8046899999999, 51.8247900000001)"
79,Diefenbaker,Gardiner,Ou Appelle,Dam,,South Saskatchewan,Ou Appelle,,,Canada,,Saskatchewan,,Saskatoon,Moose Jaw,1968,-99,GRanD,1968,-99,,Built 1968,69,-99,5090,2835,393.184,393.184,550,-99,-99,9870,-99,9870,-99,25.100000381469727,262165,119.4000015258789,549,118914,-99,-99,,Main,Sec,Sec,,Sec,,,,,,Irrigation,Yes,At least two dams for this reservoir,,3: Fair,McGill-BL,-106.86457499999995,51.268741000000034,NA,NA,GRanD,CanVec,253,70209505,Instream,643,7120244860,"c(-106.864575, 51.268741)"
80,Revelstoke,Revelstoke,,Dam,,Columbia,,,,Canada,,British Columbia,,Revelstoke,,1983,-99,GRanD,-99,-99,,Built 1983,175,-99,470,-99,111.623,111.623,-99,-99,-99,5180,-99,5180,-99,46.400001525878906,789746,20.799999237060547,571,26205,-99,-99,,,Main,,,,,,,,,Hydroelectricity,,,,2: Good,McGill-BL,-118.19324599999999,51.05206700000008,NA,NA,GRanD,Other,257,70217232,Instream,648,7120254000,"c(-118.193246, 51.0520670000001)"
81,Lac-Walker,Denis-Perron,,Dam,,Sainte-Marguerite,,Saguenay,,Canada,,Québec,,Lac-Walker,,2001,-99,GRanD,-99,-99,,Built 2001,171,-99,380,-99,246.987,246.987,-99,-99,-99,19607.5,-99,19607.5,-99,79.4000015258789,121569,511.3999938964844,368,4678,7330,-99,,,Main,,,,,,,,,Hydroelectricity,Yes,,https://en.wikipedia.org/wiki/Denis-Perron_Dam,2: Good,McGill-PB,-66.78967932299997,50.79342904500004,NA,NA,GRanD,JRC-GSW,6921,70226679,Instream,655,7120953010,"c(-66.789679323, 50.793429045)"
82,,Waboose Lake Main Sluice,,Dam,,Ogoki,,,,Canada,,Ontario,,Thunder Bay,,1942,-99,GRanD,-99,-99,,Built 1942,16,-99,526,-99,213.606,213.606,-99,-99,-99,851.1,-99,851.1,850,4,84172,32.099998474121094,323,13679,-99,-99,,,Main,,,,,,,,,Hydroelectricity,,Part of DeCew II complex in the OPG Niagra plant group,http://www.opg.com/power/hydro/niagara_plant_group/decew2.asp,3: Fair,McGill-BL,-87.99905999999999,50.755120000000034,NA,NA,GRanD,CanVec,1398,70228026,Instream,656,7120261080,"c(-87.99906, 50.75512)"
83,Kempt,Lake Manouan,,Dam,,Manouan,,,,Canada,,Québec,,Arvida,,1941,-99,GRanD,-99,-99,,Built 1941,11,-99,580,-99,472.984,472.984,220,-99,-99,2220.3,-99,2220.3,2220,4.699999809265137,97555,72.19999694824219,488,4839,-99,-99,,,Major,Main,,,,,,,,Water supply,,Not sure about location,,4: Poor,McGill-BL,-70.52877599999994,50.657279000000074,NA,NA,GRanD,CanVec,2004,70231264,Instream,661,7120264470,"c(-70.5287759999999, 50.6572790000001)"
84,Lac du Bonnet Reservoir,McArthur,,Dam,,Winnipeg,,,,Canada,,Manitoba,,Winnipeg,,1954,-99,GRanD,-99,-99,,Built 1954,22,-99,3600,-99,118.669,118.669,-99,-99,-99,220,-99,220,-99,1.899999976158142,944325,0.699999988079071,250,134458,-99,-99,,,Main,,,,,,,,,Hydroelectricity,,,,3: Fair,McGill-BL,-95.98953899999998,50.39734800000008,NA,NA,GRanD,CanVec,717,70241164,Instream,667,7120268880,"c(-95.989539, 50.3973480000001)"
85,,Whitedog Falls,Whitedog,Lake Control Dam,Yes,Winnipeg,,,,Canada,,Ontario,,Kenora,,1958,-99,GRanD,-99,-99,,Built 1958,24,-99,362,-99,18.727,18.727,-99,-99,-99,119.6,-99,119.6,-99,6.400000095367432,466531,0.800000011920929,314,71350,-99,-99,,,Main,,,,,,,,,Hydroelectricity,,,,3: Fair,McGill-BL,-94.86710072899996,50.11458333300004,NA,NA,GRanD,Other,718,70250399,Instream,7923,7120278350,"c(-94.867100729, 50.114583333)"
86,Umfreville,Caribou Falls,,Lake Control Dam,Maybe,English,,,,Canada,,Ontario,,Kenora,,1958,-99,GRanD,-99,-99,,Built 1958,24,25,545,-99,215.238,215.238,-99,-99,-99,1950,-99,1950,-99,9.100000381469727,463729,13.300000190734863,316,51787,-99,-99,,,Main,,,,,,,,,Hydroelectricity,,,,3: Fair,McGill-BL,-94.97604199999995,50.26498300000003,NA,NA,GRanD,Other,719,70245501,Instream,670,7120276840,"c(-94.976042, 50.264983)"
87,,Toulnustouc,,Dam,,Riviere-aux-Outardes,,St Lawrence,,Canada,,Québec,,Riviere-aux-Outardes,,2005,-99,GRanD,-99,-99,,Built 2005,-99,-99,-99,-99,226.87,226.87,234,-99,-99,2798,-99,2798,-99,12.300000190734863,146320,60.599998474121094,244,8180,7863,-99,,,Main,,,,,,,,,Hydroelectricity,,Replaces GRanD v1.1 ID 2006,https://www.cehq.gouv.qc.ca/barrages/detail.asp?no_mef_lieu=X2007557,2: Good,McGill-PB,-68.02166723699997,50.01403779100008,NA,NA,GRanD,JRC-GSW,6926,70253855,Instream,672,7120960870,"c(-68.021667237, 50.0140377910001)"
88,Peribonka,Passes Dangereuses,Chute-des-Passes,Dam,,Peribonka,,,,Canada,,Québec,,Arvida,Alma,1943,-99,GRanD,1959,-99,,Built 1943,48,-99,361,260,278.219,278.219,230,-99,-99,5180,-99,5180,-99,18.600000381469727,275586,59.599998474121094,433,11382,-99,750,,,Main,,,,,,,,,Hydroelectricity,,"Lake is also called ""Passes Dangereuses Reservoir""; reservoir was built 1943, main powerhouse (Chute-des-Passes) in 1959 with 750 MW capacity",,2: Good,McGill-BL,-71.25474699999995,49.903662000000054,NA,NA,GRanD,CanVec,2007,70257816,Instream,680,7120285350,"c(-71.254747, 49.9036620000001)"
89,,Powell,,Dam,,Powell,,,,Canada,,British Columbia,,Powell River,,1912,-99,GRanD,-99,-99,,Built 1912,17,-99,236,-99,124.619,124.619,-99,-99,-99,1620,-99,1620,-99,13,51957,98.9000015258789,54,1253,-99,-99,,,Main,Sec,,,,,,,,Hydroelectricity,,,,3: Fair,McGill-BL,-124.55318499999998,49.878134000000045,NA,NA,GRanD,CanVec,27,70258599,Instream,681,7120016630,"c(-124.553185, 49.878134)"
90,Manic Trois,Manicouagan 3,Manic 3,Dam,,Manicouagan,,,,Canada,,Québec,,Baie Comeau,,1975,-99,GRanD,1976,-99,,Built 1975,108,72,390,361,204.099,204.099,350,-99,-99,10480,-99,10480,-99,51.29999923706055,668018,49.70000076293945,202,33505,-99,-99,,,Main,,,,,,,,,Hydroelectricity,Yes,,,2: Good,McGill-BL,-68.60520799999995,49.75353000000007,NA,NA,GRanD,CanVec,2008,70263986,Instream,686,7120288810,"c(-68.605208, 49.7535300000001)"
91,Outardes 4,Outardes 4,,Dam,,Outardes,,,,Canada,,Québec,,Baie Comeau,,1969,-99,GRanD,1968,-99,,Built 1969,122,31,641,-99,588.669,588.669,520,-99,-99,24350,-99,24350,1790,41.400001525878906,358660,215.3000030517578,344,17186,-99,-99,,,Main,,,,,,,,,Hydroelectricity,Yes,Outardes-4 has 4 dam units,,3: Fair,McGill-BL,-68.90752799999996,49.70625000000007,NA,NA,GRanD,Other,2009,70265258,Instream,688,7120289700,"c(-68.907528, 49.7062500000001)"
92,Kootenay,Corra-Linn,,Lake Control Dam,Yes,Kootenay,,,,Canada,,British Columbia,,Nelson,,1932,-99,GRanD,-99,-99,,Built 1932,21,-99,518,-99,422.968,422.968,450,-99,-99,1010,-99,1010,-99,2.4000000953674316,751282,4.300000190734863,529,46402,-99,-99,,,Main,,,,,,,,,Hydroelectricity,,,,2: Good,McGill-BL,-117.46509499999996,49.46878000000004,NA,NA,GRanD,CanVec,279,70272500,Instream,696,7120295800,"c(-117.465095, 49.46878)"
93,Pipmuacan,Bersimis,Des Roches; Pamouscachiou 1 and 2,Dam,,Betsiamites,Shipshaw,,,Canada,,Québec,,Forestville,Chicoutimi,1956,-99,GRanD,1955,-99,,Built 1956,61,20,671,439,792.846,792.846,970,-99,600,13900,-99,13900,12330,17.5,266923,165.10000610351562,391,13679,-99,-99,,,Main,,,,,,,,,Hydroelectricity,Yes,"Several dams: Bersimis and Des Roches in the East, Pamouscachiou 1 and 2 in the West; the reservoir drains both to the East (Betsiamites River) and West (Shipshaw River)",,3: Fair,McGill-BL,-69.76979199999994,49.35481200000004,NA,NA,GRanD,CanVec,2012,70276436,Instream,697,7120296770,"c(-69.7697919999999, 49.354812)"
94,Arrow,Hugh Keenleyside,Keenleyside,Dam,,Columbia,,,,Canada,,British Columbia,,Castlegar,,1968,-99,GRanD,-99,-99,,Built 1968,52,-99,869,-99,511.809,511.809,-99,-99,-99,11300,11300,10300,-99,22.100000381469727,1128258,31.799999237060547,427,36413,-99,-99,,,,,Main,,,,,,,Flood control,,,,3: Fair,McGill-BL,-117.774543,49.342295000000036,NA,NA,GRanD,CanVec,282,70277282,Instream,698,7120298030,"c(-117.774543, 49.342295)"
95,,Manicouagan 2,Manic 2,Dam,,Manicouagan,,,,Canada,,Québec,,Baie Comeau,,1965,-99,GRanD,-99,-99,,Built 1965,91,-99,701,393,115.284,115.284,-99,-99,-99,4250,-99,4250,340,36.900001525878906,858599,15.699999809265137,107,45511,-99,-99,,,Main,,,,,,,,,Hydroelectricity,,,,2: Good,McGill-BL,-68.34780499999994,49.32346800000005,NA,NA,GRanD,CanVec,2013,70279479,Instream,699,7120034000,"c(-68.3478049999999, 49.323468)"
96,Grand Lake,Plain Diversion Dam,Main Diversion,Lake Control Dam,Yes,Junction Brook,,,,Canada,,Newfoundland and Labrador,,Deer Lake,,1924,-99,GRanD,-99,-99,,Built 1924,25,-99,226,-99,498.533,498.533,450,-99,-99,1790,1790,1788.6,-99,3.5999999046325684,129410,43.900001525878906,70,4584,-99,-99,,,Main,,,,,,,,,Hydroelectricity,,,,3: Fair,McGill-BL,-57.26145799999995,49.19621200000006,NA,NA,GRanD,CanVec,2350,70282087,Instream,702,7120300200,"c(-57.261458, 49.1962120000001)"
97,Red Indian,Exploits,,Dam,,Exploits,,,,Canada,,Newfoundland and Labrador,,Millertown,,1928,-99,GRanD,-99,-99,,Built 1928,11,-99,240,-99,187.892,187.892,310,-99,-99,1274.3,-99,1274.3,1270,6.800000190734863,181480,22.299999237060547,153,5840,-99,-99,,,Main,,,,,,,,,Hydroelectricity,,,,3: Fair,McGill-BL,-56.59874199999996,48.763573000000065,NA,NA,GRanD,CanVec,2352,70297033,Instream,706,7120311500,"c(-56.598742, 48.7635730000001)"
98,Abitibi,Twin Falls,,Lake Control Dam,Yes,Abitibi,,,,Canada,,Ontario,Québec,Iroquois Falls,Iroquois,1921,-99,GRanD,-99,-99,,Built 1921,24,-99,168,-99,949.839,949.839,650,-99,-99,1650,-99,1650,-99,1.7000000476837158,101791,51.400001525878906,262,9364,-99,-99,,,Main,,,,,,,,,Hydroelectricity,,Polygon too large?,,3: Fair,McGill-BL,-80.57755299999997,48.74814600000008,NA,NA,GRanD,Other,1405,70298154,Instream,707,7120312940,"c(-80.577553, 48.7481460000001)"
99,Namakan,Kettle Falls,,Lake Control Dam,Yes,Namakan River,,,,Canada,United States,Ontario,Minnesota,,,1914,-99,GRanD,1999,-99,,Built 1914,8,-99,40,-99,210.749,210.749,-99,-99,-99,866.5,866.5,693.2,-99,4.099999904632568,161276,17,336,19064,-99,-99,,,,,,Main,,,,,Sec,Recreation,,,,2: Good,UNH,-92.64072670999997,48.49976835100006,NA,NA,GRanD,SWBD,731,70306083,Instream,713,7120317630,"c(-92.64072671, 48.4997683510001)"
100,Lake Koocanusa,Libby,,Dam,,Kootenai River,,,,United States,Canada,Montana,British Columbia,,,1973,-99,GRanD,-99,-99,,Built 1973,129,-99,881,-99,164.321,164.321,188.2,-99,-99,7434.2,7434.2,7165.3,-99,45.20000076293945,318897,73.9000015258789,719,23324,23271,-99,,,Main,,Sec,Sec,,,,,,Hydroelectricity,,,,2: Good,UNH,-115.31354199999998,48.41143200000005,NA,NA,GRanD,Other,297,70309539,Instream,715,7120978010,"c(-115.313542, 48.411432)"
101,Victoria,Victoria Dike A,Baie d'Espoir Victoria,Dam,,Victoria,,,,Canada,,Newfoundland and Labrador,,Millertown,,1970,-99,GRanD,-99,-99,,Built 1970,63,61,155,427,153.701,153.701,300,420,-99,6300,6300,2953,1416,41,40044,498.8999938964844,324,1029,-99,-99,,,Main,,,,,,,,,Hydroelectricity,,Not sure about capacity,,4: Poor,McGill-BL,-57.117707999999936,48.35534100000007,NA,NA,GRanD,CanVec,2353,70311276,Instream,717,7120321780,"c(-57.1177079999999, 48.3553410000001)"
102,Pend Oreille Lake,Albeni Falls,,Dam,,Pend Oreille River,,,,United States,,Idaho,,,,1955,-99,GRanD,-99,-99,,Built 1955,55,-99,322,-99,361.338,361.338,382.8,-99,-99,1424.7,1424.7,1422.2,-99,3.9000000953674316,765940,5.900000095367432,623,62819,62678,-99,,,Main,,Sec,,,,,,,Hydroelectricity,,,,3: Fair,UNH,-116.99774499999995,48.17829400000005,NA,NA,GRanD,SWBD,305,70317298,Instream,719,7120980200,"c(-116.997745, 48.178294)"
103,Meelpaeg,Fort Randall,Pudops,Dam,,Gray,Grey,,,Canada,,Newfoundland and Labrador,,Millertown,,1967,-99,GRanD,-99,-99,,Built 1967,20,21,1615,1630,315.058,315.058,220,-99,-99,4700,4700,2160,-99,14.899999618530273,31072,479.6000061035156,270,964,-99,-99,,,Main,,,,,,,,,Hydroelectricity,Yes,Not sure about capacity,,4: Poor,McGill-BL,-56.77957999999995,48.16599300000007,NA,NA,GRanD,CanVec,2356,70318039,Instream,720,7120981150,"c(-56.77958, 48.1659930000001)"
104,Fort Peck Lake,Fort Peck Dam,,Dam,,Missouri,,,,United States,,Montana,,,,1957,-99,GRanD,-99,-99,,Built 1957,78,-99,6409,-99,816.432,816.432,376.4,-99,-99,23560,23560,18995.6,-99,28.899999618530273,306445,243.8000030517578,677,147429,149507,-99,,Sec,Sec,,Main,Sec,Sec,,,,,Flood control,,,,2: Good,UNH,-106.414583,48.00109800000007,NA,NA,GRanD,SWBD,307,70324506,Instream,721,7120331480,"c(-106.414583, 48.0010980000001)"
105,Franklin D. Roosevelt,Grand Coulee,,Dam,,Columbia River,,,,United States,,Washington,,,,1941,-99,GRanD,-99,-99,,Built 1941,168,-99,584,-99,270.004,270.004,333.1,-99,-99,6395.6,6395.6,-99,-99,23.700000762939453,3166706,6.400000095367432,383,194674,191918,6800,,Sec,Main,,Sec,,,,,,,Hydroelectricity,,,https://en.wikipedia.org/wiki/Grand_Coulee_Dam,2: Good,UNH,-118.98094999999995,47.95465200000007,NA,NA,GRanD,SWBD,310,70325688,Instream,724,7120982340,"c(-118.98095, 47.9546520000001)"
106,Banks Lake,Dry Falls,,Dam,,Offstream Upper Grand Coulee,,,,United States,,Washington,,,,1948,-99,GRanD,-99,-99,,Built 1948,37,-99,587,-99,106.957,106.957,109.3,-99,-99,881.9,881.9,-99,-99,8.199999809265137,2011,1390.5999755859375,474,715,681,-99,,Sec,Sec,,Main,,Sec,,,,,Flood control,,,,2: Good,UNH,-119.01946199999998,47.93969500000003,NA,NA,GRanD,SWBD,311,70326266,Instream,725,7120333240,"c(-119.019462, 47.939695)"
107,Long Pond,Bay d'Espoir,Jeddore Lake,Dam,,Salmon,Northwest Brooke,,,Canada,,Newfoundland and Labrador,,St. Alban's,,1966,-99,GRanD,1966,-99,,Built 1966,40,43,229,650,171.31,171.31,-99,-99,-99,5790,5790,2620,-99,33.79999923706055,99122,185.1999969482422,179,2708,-99,-99,,,Main,,,,,,,,,Hydroelectricity,Yes,Not sure about capacity (maybe double),http://en.wikipedia.org/wiki/Bay_d%27Espoir_Hydro_Electric_Development,4: Poor,McGill-BL,-55.95522999999997,47.920157000000074,NA,NA,GRanD,CanVec,2359,70327699,Instream,726,7120063050,"c(-55.95523, 47.9201570000001)"
108,Lake Chelan,Chelan Dam,,Dam,,Chelan River,,,,United States,,Washington,,,,1927,-99,GRanD,-99,-99,,Built 1927,12,-99,149,-99,128.074,128.074,133.5,-99,-99,834,834,-99,-99,6.5,50039,52.900001525878906,331,2378,2466,-99,,,Main,,Sec,,,,,,,Hydroelectricity,,,http://www.ferc.gov/industries/hydropower/safety.asp,2: Good,UNH,-120.02402699999999,47.83973100000003,NA,NA,GRanD,SWBD,49,70330001,Instream,727,7120337140,"c(-120.024027, 47.839731)"
109,Preissac,Rapide 7 Main Dam,,Dam,,Ottawa,Outaouais,,,Canada,,Québec,,Cadillac,,1949,-99,GRanD,1941,-99,,Built 1949,20,26,575,565,193.364,193.364,120,-99,-99,610,-99,610,497,3.200000047683716,191747,10.100000381469727,305,12585,-99,-99,,,Main,,,,,,,,,Hydroelectricity,Yes,,,3: Fair,McGill-BL,-78.31562499999995,47.767540000000054,NA,NA,GRanD,CanVec,1411,70333192,Instream,728,7120336420,"c(-78.315625, 47.7675400000001)"
110,Coeur d'Alene Lake,Post Falls Middle Channel,,Dam,,Spokane River,,,,United States,,Idaho,,,,1906,-99,GRanD,-99,-99,,Built 1906,18,-99,66,-99,125.895,125.895,194.2,-99,-99,277.5,277.5,-99,-99,2.200000047683716,165261,5.300000190734863,643,9853,9801,-99,,,Main,,,Sec,,Sec,,,Sec,Hydroelectricity,,,http://www.ferc.gov/industries/hydropower/safety.asp,2: Good,UNH,-116.95104199999997,47.70524300000005,NA,NA,GRanD,SWBD,315,70335326,Instream,729,7120339660,"c(-116.951042, 47.705243)"
111,Flathead Lake,Kerr,Keer,Dam,,Flathead River,,,,United States,,Montana,,,,1939,-99,GRanD,-99,-99,,Built 1939,59,-99,206,-99,488.063,488.063,505,-99,-99,2209.2,2209.2,1504.8,-99,4.5,315773,22.200000762939453,877,18296,18379,-99,,,Main,,,Sec,,,,,,Hydroelectricity,,,http://www.ferc.gov/industries/hydropower/safety.asp,3: Fair,UNH,-114.23229199999997,47.67617500000006,NA,NA,GRanD,SWBD,316,70336678,Instream,730,7120341470,"c(-114.232292, 47.6761750000001)"
112,Dozois,Dozois,Dozois-Bourque,Dam,,Ottawa,Outaouais,,,Canada,,Québec,,Louvicourt,,1948,-99,GRanD,-99,-99,,Built 1948,17,-99,197,-99,329.934,329.934,250,-99,-99,1874.9,-99,1874.9,-99,5.699999809265137,118642,50.099998474121094,335,7588,-99,-99,,,,,,,,,,,,,,,,3: Fair,McGill-BL,-77.30673399999995,47.61327800000004,NA,NA,GRanD,CanVec,1412,70338734,Instream,732,7120341860,"c(-77.306734, 47.613278)"
113,Quinze,Rapides des Quinze,Quinzes,Lake Control Dam,Maybe,Ottawa,Des Outaouais,,,Canada,,Québec,,Anglers,,1911,-99,GRanD,-99,-99,,Built 1911,11,-99,995,-99,329.927,329.927,-99,-99,-99,9266,-99,9266,-99,28.100000381469727,348962,84.19999694824219,260,23502,-99,-99,,,Sec,,Main,,,,,,,Flood control,,Not sure about area and capacity,,4: Poor,McGill-BL,-79.23935399999993,47.556366000000025,NA,NA,GRanD,CanVec,1413,70340635,Instream,733,7120343050,"c(-79.2393539999999, 47.556366)"
114,Winnibigoshish,Winnibigoshish Dam,,Dam,,Mississippi,,,,United States,,Minnesota,,,,1884,-99,GRanD,-99,-99,,Built 1884,7,-99,293,-99,249.028,249.028,275.2,-99,-99,678.4,678.4,271.4,-99,2.700000047683716,20379,105.5999984741211,391,3884,3735,-99,,,,Main,Sec,Sec,Sec,Sec,,,,Water supply,,,,2: Good,UNH,-94.05308699999995,47.428657000000044,NA,NA,GRanD,SWBD,758,70347121,Instream,735,7120349590,"c(-94.053087, 47.428657)"
115,Cabonga,Cabonga,,Dam,,Gens de Terre,,,,Canada,,Québec,,Mont-Laurier,Mt. Laurier,1957,-99,GRanD,-99,-99,,Built 1957,14,-99,309,-99,435.318,435.318,200,-99,-99,1300.5,-99,1300.5,1300,3,33528,123,355,2227,-99,-99,,,Main,,,,,,,,,Hydroelectricity,,,,3: Fair,McGill-BL,-76.47187499999995,47.31111200000004,NA,NA,GRanD,CanVec,1414,70349665,Instream,736,7120350650,"c(-76.471875, 47.311112)"
116,Leech Lake Reservoir,Leech Lake Dam,,Dam,,Leech River,,,,United States,,Minnesota,,,,1885,-99,GRanD,-99,-99,,Built 1885,4,-99,1010,-99,413.681,413.681,475.5,-99,-99,838.8,838.8,604.4,-99,2,17440,152.5,391,2938,3012,-99,,,,Sec,Sec,Main,Sec,Sec,,,,Recreation,,,,2: Good,UNH,-94.22351799999996,47.25178200000005,NA,NA,GRanD,SWBD,767,70351469,Instream,738,7120991090,"c(-94.223518, 47.251782)"
117,Kipawa,Laniel,,Dam,,Kipawa,,St Lawrence,,Canada,,Québec,,Laniel,,2008,-99,GRanD,-99,-99,,Built 2008,8,-99,9,-99,262.401,262.401,300,-99,-99,673,-99,673,-99,2.5999999046325684,112876,18.899999618530273,257,7960,5957,-99,,,Sec,,,Main,,,,,,Recreation,,,https://www.cehq.gouv.qc.ca/barrages/detail.asp?no_mef_lieu=X0003027,2: Good,McGill-PB,-79.26890909599996,47.03948371200005,NA,NA,GRanD,CanVec,6924,70359893,Instream,740,7120356140,"c(-79.268909096, 47.039483712)"
118,Baskatong,Mercier,,Dam,,Gatineau,,,,Canada,,Québec,,Mont-Laurier,Mt. Laurier,1927,-99,GRanD,-99,-99,,Built 1927,29,25,359,215,281.842,281.842,280,-99,-99,3049,3049,2630,-99,10.800000190734863,252474,38.29999923706055,213,15569,-99,-99,,,Main,,,,,,,,,Hydroelectricity,,Alternative dam length: 383 m,,3: Fair,McGill-BL,-75.98280099999994,46.71921500000008,NA,NA,GRanD,CanVec,1423,70370936,Instream,741,7120997270,"c(-75.9828009999999, 46.7192150000001)"
119,Canyon Ferry Lake,Canyon Ferry Dam,,Dam,,Missouri River,,Mississippi,,United States,,Montana,,Canyon Ferry,,1953,-99,GRanD,-99,-99,,Built 1953,69,-99,305,-99,138.796,138.796,132.7,-99,-99,2866,2866,2529.9,-99,20.600000381469727,167309,54.29999923706055,1149,41082,41077,-99,,Sec,Main,Sec,Sec,Sec,,,,,,Hydroelectricity,,,https://en.wikipedia.org/wiki/Canyon_Ferry_Dam,2: Good,McGill-PB,-111.72737414199997,46.648332785000036,NA,NA,GRanD,JRC-GSW,7313,70372506,Instream,743,7120366380,"c(-111.727374142, 46.648332785)"
120,Chesuncook Lake,Ripogenus,,Dam,,West Branch of Penobscot River,Penobscot River,,,United States,,Maine,,,,1916,-99,GRanD,1953,-99,,Built 1916,25,-99,242,-99,110.554,110.554,118.5,-99,-99,1205.1,1205.1,875.8,-99,10.899999618530273,70877,53.900001525878906,284,3749,3683,-99,,,Main,Sec,Sec,Sec,Sec,Sec,,,,Hydroelectricity,,,http://www.ferc.gov/industries/hydropower/safety.asp,2: Good,UNH,-69.17804999999998,45.88038800000004,NA,NA,GRanD,SWBD,2044,70398608,Instream,747,7120389020,"c(-69.17805, 45.880388)"
121,Moosehead Lake,Moosehead Lake East Dam,Moosehead East Outlet,Dam,,Kennebago River,,,,United States,,Maine,,,,1835,-99,GRanD,1991,-99,,Built 1835,6,-99,306,-99,300.286,300.286,300.3,-99,-99,1726.9,1726.9,1332.2,-99,5.800000190734863,64705,84.5999984741211,310,3315,3284,-99,,,Main,Sec,Sec,Sec,,,,,,Hydroelectricity,,,http://www.ferc.gov/industries/hydropower/safety.asp,2: Good,UNH,-69.71699899999999,45.58511500000003,NA,NA,GRanD,SWBD,2056,70409778,Instream,751,7121010080,"c(-69.716999, 45.585115)"
122,St. Francis,Beauharnois,,Lake Control Dam,Yes,Canal de Beauharnois,,St. Lawrence,,Canada,,Québec,,Beauharnois,,1933,-99,GRanD,1961,-99,,Built 1933,29,-99,1885,-99,238.657,238.657,-99,-99,-99,1500,-99,1500,-99,6.300000190734863,8060090,0.6000000238418579,40,781910,-99,-99,,,Main,,,,,,,,,Hydroelectricity,Yes,Lake St. Francis is regulated by a multitude of dams and weirs in this section of the St. Lawrence River. Beauharnois hydropower station is actually some 25 km downstream of this point location on a canal.,https://fr.wikipedia.org/wiki/Centrale_de_Beauharnois,3: Fair,McGill-BL,-74.16864099999998,45.268507000000056,NA,NA,GRanD,McGill,6827,70420656,Instream,754,7121012700,"c(-74.168641, 45.2685070000001)"
123,Lake Saint Lawrence,R.H. Saunders Main,,Dam,,St. Lawrence River,,,,United States,Canada,New York,Ontario,Cornwall,,1958,-99,GRanD,-99,-99,,Built 1958,52,-99,6140,-99,147.633,147.633,-99,-99,-99,807.9,-99,807.9,-99,5.5,7854401,0.30000001192092896,59,771612,-99,-99,,,,,,,,,,,,,,,,3: Fair,McGill-BL,-74.86041699999998,44.998781000000065,NA,NA,GRanD,Other,2078,70428172,Instream,758,7121016390,"c(-74.860417, 44.9987810000001)"
124,Winnebago,Neenah,,Lake Control Dam,Yes,Fox River,,,,United States,,Wisconsin,,,,1922,-99,GRanD,-99,-99,,Built 1922,5,-99,198,-99,646.828,646.828,557.3,-99,-99,1356.8,1356.8,863.4,-99,2.0999999046325684,136851,31.399999618530273,226,15195,15861,-99,,,,,Main,Sec,,,,,,Flood control,,,,2: Good,UNH,-88.45458999999994,44.185016000000076,NA,NA,GRanD,SWBD,1493,70453788,Instream,762,7121025430,"c(-88.4545899999999, 44.1850160000001)"
125,Rossignol,Upper Lake Falls,Upper Lake,Dam,,Mersey,,,,Canada,,Nova Scotia,,Liverpool,,1929,-99,GRanD,-99,-99,,Built 1929,16,-99,500,-99,153.173,153.173,180,-99,-99,873.3,-99,873.3,870,5.699999809265137,47655,58.099998474121094,81,1611,-99,-99,,,Main,,,,,,,,,Hydroelectricity,,,,3: Fair,McGill-BL,-64.99913099999998,44.157452000000035,NA,NA,GRanD,CanVec,2117,70454581,Instream,763,7121025920,"c(-64.999131, 44.157452)"
126,Lake Sharpe,Big Bend Dam,,Dam,,Missouri,,,,United States,,South Dakota,,,,1963,-99,GRanD,-99,-99,,Built 1963,29,-99,3222,-99,228.918,228.918,242.8,-99,-99,2343.6,2343.6,2127.8,-99,10.199999809265137,986072,7.5,428,627809,15126,-99,,Sec,Sec,,Main,Sec,Sec,,,,,Flood control,,,,2: Good,UNH,-99.44864599999994,44.03978500000005,NA,NA,GRanD,SWBD,884,70458088,Instream,764,7120439690,"c(-99.4486459999999, 44.039785)"
127,Jackson Lake,Jackson Lake,,Dam,,Snake River,,,,United States,,Wyoming,,,,1911,-99,GRanD,-99,-99,,Built 1911,21,-99,1500,-99,106.319,106.319,103.3,-99,-99,1076.8,1076.8,1044.8,-99,10.100000381469727,23618,144.60000610351562,2060,1963,2134,-99,,Main,,,Sec,Sec,,Sec,,,,Irrigation,,,,2: Good,UNH,-110.59112599999997,43.857485000000054,NA,NA,GRanD,SWBD,384,70464278,Instream,765,7120443760,"c(-110.591126, 43.8574850000001)"
128,Head Gates Reservoir,Eel Weir,Sebago Lake Dam,Dam,,Presumpscot River,,,,United States,,Maine,,,,1879,-99,GRanD,1990,-99,,Built 1879,7,10,134,457,118.981,118.981,118.1,-99,116.5,473.6,473.6,407,275.1,4,34949,43,80,1139,1129,-99,,,Main,Sec,Sec,Sec,,Sec,,,Sec,Hydroelectricity,Yes,,http://www.ferc.gov/industries/hydropower/safety.asp,3: Fair,UNH,-70.45696799999996,43.83146500000004,NA,NA,GRanD,SWBD,2126,70466316,Instream,766,7120446030,"c(-70.456968, 43.831465)"
129,Lake George,Lake George Outlet,Mill Dam A,Dam,,La Chute River,,,,United States,,New York,,,,1880,-99,GRanD,-99,-99,,Built 1880,2,-99,35,-99,113.605,113.605,114,-99,-99,2775.3,2775.3,-99,-99,24.399999618530273,11877,741,99,608,606,-99,,,Main,,,,,,Sec,,,Hydroelectricity,,,http://www.ferc.gov/industries/hydropower/safety.asp,5: Unreliable,UNH,-73.42653699999994,43.83084000000008,NA,NA,GRanD,SWBD,2127,70466434,Instream,767,7120444230,"c(-73.4265369999999, 43.8308400000001)"
130,Lake Winnipesaukee,Lakeport,,Dam,,Winnipesaukee River,,,,United States,,New Hampshire,,,,1958,-99,GRanD,1976,-99,,Built 1958,3,-99,69,-99,182.162,182.162,189.1,-99,-99,256.6,256.6,204.5,-99,1.399999976158142,21092,38.599998474121094,151,954,940,-99,,,Main,,Sec,Sec,,,,,,Hydroelectricity,,,http://www.ferc.gov/industries/hydropower/safety.asp,4: Poor,UNH,-71.46072199999998,43.55298200000004,NA,NA,GRanD,McGill,2145,70472540,Instream,768,7121033010,"c(-71.460722, 43.552982)"
131,Oneida Lake,Caughdenoy Dam,,Lake Control Dam,Yes,Oneida River,,,,United States,,New York,,,,1909,-99,GRanD,-99,-99,,Built 1909,15,-99,550,-99,207.22,207.22,206.7,-99,-99,315,315,-99,-99,1.5,93644,10.699999809265137,112,3547,3578,-99,,,,,,Sec,Main,,,,,Navigation,,,,2: Good,UNH,-76.20448899999997,43.270696000000044,NA,NA,GRanD,McGill,1517,70479969,Instream,770,7120460360,"c(-76.204489, 43.270696)"
132,Cayuga Lake,Mud Lock and Canal Dam,,Dam,,Seneca River,,,,United States,,New York,,,,1912,-99,GRanD,-99,-99,,Built 1912,6,-99,152,-99,171.475,171.475,170.9,-99,-99,817.8,817.8,651.3,-99,4.800000190734863,62858,41.29999923706055,114,4211,4072,-99,,,,,Sec,,Main,,,,,Navigation,,,,2: Good,UNH,-76.73439899999994,42.946116000000075,NA,NA,GRanD,SWBD,1528,70488786,Instream,772,7120465450,"c(-76.7343989999999, 42.9461160000001)"
133,Seneca Lake,Waterloo,Seneca Lake Dam,Lake Control Dam,Yes,Seneca Canal,,,,United States,,New York,,,,1915,-99,GRanD,-99,-99,,Built 1915,17,-99,306,-99,173.875,173.875,174.8,-99,-99,292.4,292.4,132.5,-99,1.7000000476837158,26848,34.5,135,1956,1921,-99,,,Main,,,,Sec,,,,,Hydroelectricity,,,http://www.ferc.gov/industries/hydropower/safety.asp,2: Good,UNH,-76.86376399999995,42.90156600000006,NA,NA,GRanD,McGill,1532,70490175,Instream,773,7121040690,"c(-76.863764, 42.9015660000001)"
134,American Falls,American Falls,,Dam,,Snake River,,,,United States,,Idaho,,,,1977,-99,GRanD,-99,-99,,Built 1977,32,-99,583,-99,199.627,199.627,235,-99,-99,2061.5,2061.5,-99,-99,10.300000190734863,251532,26,1324,39779,35172,-99,,Main,Sec,,,Sec,,,,,,Irrigation,,,,2: Good,UNH,-112.87370799999997,42.77906200000007,NA,NA,GRanD,SWBD,411,70493746,Instream,775,7121042570,"c(-112.873708, 42.7790620000001)"
135,Upper Klamath Lake,Link River Diversion,,Dam,,Klamath River,,,,United States,,Oregon,,,,1921,-99,GRanD,-99,-99,,Built 1921,7,-99,579,-99,277.08,277.08,344,-99,-99,646,646,-99,-99,2.299999952316284,54854,37.29999923706055,1256,9584,9842,-99,,Sec,Main,,,,,,,,,Hydroelectricity,,,,2: Good,UNH,-121.81146299999995,42.238815000000045,NA,NA,GRanD,SWBD,110,70508913,Instream,777,7121048390,"c(-121.811463, 42.238815)"
136,Lake McConaughy,Kingsley,,Dam,,North Platte,,,,United States,,Nebraska,,,,1941,-99,GRanD,-99,-99,,Built 1941,49,-99,5438,-99,109.435,109.435,123.4,-99,-99,2344.4,2344.4,1966.2,-99,21.399999618530273,81294,91.4000015258789,990,75885,-99,-99,,Sec,Main,,,,,,,,,Hydroelectricity,,,http://www.ferc.gov/industries/hydropower/safety.asp,2: Good,UNH,-101.67337999999995,41.214586000000054,NA,NA,GRanD,SWBD,913,70536786,Instream,781,7120510480,"c(-101.67338, 41.2145860000001)"
137,Flaming Gorge,Flaming Gorge,,Dam,,Green River,,,,United States,,Utah,Wyoming,,,1963,-99,GRanD,-99,-99,,Built 1963,153,-99,580,-99,126.703,126.703,177.3,-99,-99,4336.3,4336.3,-99,-99,34.20000076293945,97626,140.8000030517578,1836,39053,38850,-99,,,Sec,Main,Sec,Sec,,,,,,Water supply,,,,2: Good,UNH,-109.42047099999996,40.91566500000005,NA,NA,GRanD,SWBD,451,70545007,Instream,784,7121062760,"c(-109.420471, 40.915665)"
138,Shasta Lake,Shasta,,Dam,,Sacramento River,,,,United States,,California,,,,1945,-99,GRanD,-99,-99,,Built 1945,183,-99,582,-99,102.594,102.594,120.4,-99,-99,4890.7,4890.7,-99,-99,47.70000076293945,127250,121.9000015258789,323,19018,17262,-99,,Main,Sec,Sec,,Sec,Sec,,,,,Irrigation,,,,2: Good,UNH,-122.42203099999995,40.72045900000006,NA,NA,GRanD,SWBD,132,70550854,Instream,786,7121066200,"c(-122.422031, 40.7204590000001)"
139,Utah Lake,Utah Lake Outlet,,Dam,,Jordan River,,,,United States,,Utah,,,,1988,-99,GRanD,-99,-99,,Built 1988,3,-99,335,-99,362.588,362.588,-99,-99,-99,1689.7,1689.7,-99,-99,4.699999809265137,38282,140,1366,6670,7796,-99,,,,Main,,,,,,,,Water supply,,,,3: Fair,UNH,-111.89211499999999,40.35862800000007,NA,NA,GRanD,SWBD,479,70559244,Instream,788,7120530850,"c(-111.892115, 40.3586280000001)"
140,Canyon,Lake Almanor,,Dam,,North Fork of Feather River,Feather River,,,United States,,California,,,,1927,-99,GRanD,-99,-99,,Built 1927,40,-99,381,-99,102.982,102.982,114.4,-99,-99,1613.4,1613.4,-99,-99,15.699999809265137,15561,328.79998779296875,1369,1259,1303,-99,,Main,,,,,,,,,,Irrigation,,,http://damsafety.water.ca.gov/,2: Good,UNH,-121.08781499999998,40.174792000000025,NA,NA,GRanD,SWBD,138,70564949,Instream,790,7120538640,"c(-121.087815, 40.174792)"
141,Lake Tahoe,Lake Tahoe,,Lake Control Dam,Yes,Truckee River,,,,United States,,California,Nevada,,,1913,-99,GRanD,-99,-99,,Built 1913,6,-99,579,-99,496.048,496.048,485.6,-99,-99,902.9,902.9,-99,-99,1.7999999523162842,18851,151.89999389648438,1895,1299,1344,-99,,Main,,,,,,,,,,Irrigation,,,,2: Good,UNH,-120.14177299999994,39.16097200000007,NA,NA,GRanD,SWBD,170,70590260,Instream,792,7121080240,"c(-120.141773, 39.1609720000001)"
142,Harry S. Truman Reservoir,Harry S. Truman Dam,,Dam,,Osage River,,,,United States,,Missouri,,,,1978,-99,GRanD,-99,-99,,Built 1978,30,-99,1818,-99,186.964,186.964,225,-99,-99,6416.6,6416.6,1484.4,-99,34.29999923706055,300115,67.80000305175781,215,29920,29785,-99,,,Main,Sec,Sec,Sec,,,,,,Hydroelectricity,,,,3: Fair,UNH,-93.40624999999994,38.26487300000008,NA,NA,GRanD,SWBD,989,70613282,Instream,796,7120582870,"c(-93.4062499999999, 38.2648730000001)"
143,Osage,Bagnell Dam,,Dam,,Osage,,,,United States,,Missouri,,,,1931,-99,GRanD,-99,-99,,Built 1931,45,-99,775,-99,176.008,176.008,224,-99,-99,3302,3302,2376.7,-99,18.799999237060547,370623,28.299999237060547,200,36189,36260,-99,,,Main,,Sec,Sec,,,,,,Hydroelectricity,,,http://www.ferc.gov/industries/hydropower/safety.asp,2: Good,UNH,-92.62708299999997,38.20625000000007,NA,NA,GRanD,SWBD,993,70614425,Instream,797,7120584120,"c(-92.627083, 38.2062500000001)"
144,Lake Barkley,Barkley Dam,,Dam,,Cumberland,,,,United States,,Kentucky,Tennessee,,,1966,-99,GRanD,-99,-99,,Built 1966,48,-99,3103,-99,255.214,255.214,234.4,-99,-99,2568.1,2568.1,1071.9,-99,10.100000381469727,713121,11.399999618530273,105,45566,45579,-99,,,Main,,Sec,Sec,Sec,,,,,Hydroelectricity,,,,2: Good,UNH,-88.21874799999995,37.018747000000076,NA,NA,GRanD,UY,1752,70643003,Instream,800,7120609210,"c(-88.218748, 37.0187470000001)"
145,Kentucky Lake,Kentucky,,Dam,,Tennessee River,,,,United States,,Kentucky,Tennessee,,,1944,-99,GRanD,-99,-99,,Built 1944,63,-99,2567,-99,574.875,574.875,526.1,-99,-99,7560,7560,2616.2,-99,13.199999809265137,2141379,11.199999809265137,106,104052,104118,-99,,,Sec,,Sec,Sec,Main,,,,,Navigation,,,http://lakeinfo.tva.gov/htbin/lakeinfo?site=KYH&DataType=All&submit=View+info,2: Good,McGill-BL,-88.26865199999997,37.01029600000004,NA,NA,GRanD,UY,1753,70643274,Instream,801,7121102450,"c(-88.268652, 37.010296)"
146,Lake Powell,Glen Canyon,,Dam,,Colorado River,,,,United States,,Arizona,Utah,,,1963,-99,GRanD,-99,-99,,Built 1963,216,-99,580,-99,120.798,120.798,650.7,-99,-99,25070,25070,-99,-99,207.5,562446,141.3000030517578,1121,278955,280638,1320,,Sec,Main,Sec,,Sec,,,,,Sec,Hydroelectricity,,,https://en.wikipedia.org/wiki/Glen_Canyon_Dam,2: Good,UNH,-111.48522799999995,36.93963500000007,NA,NA,GRanD,SWBD,597,70645085,Instream,802,7121103910,"c(-111.485228, 36.9396350000001)"
147,Lake Cumberland,Wolf Creek,,Dam,,Cumberland,,,,United States,,Kentucky,,,,1951,-99,GRanD,-99,-99,,Built 1951,79,-99,1748,-99,159.523,159.523,203.4,-99,-99,7510.7,7510.7,2642.1,-99,47.099998474121094,235609,101.0999984741211,207,14910,14993,-99,,,Main,,Sec,Sec,,,,,,Hydroelectricity,,,,2: Good,UNH,-85.14374999999995,36.86781700000006,NA,NA,GRanD,SWBD,1756,70646384,Instream,803,7120615780,"c(-85.14375, 36.8678170000001)"
148,Table Rock Lake,Table Rock Dam,,Dam,,White,,,,United States,,Missouri,Arkansas,,,1959,-99,GRanD,-99,-99,,Built 1959,79,-99,1958,-99,118.106,118.106,174.4,-99,-99,4270.3,4270.3,3332.9,-99,36.20000076293945,147921,91.5,277,10339,10412,-99,,,Sec,Sec,Main,Sec,,Sec,,,,Flood control,,,,2: Good,UNH,-93.31164799999999,36.59793600000006,NA,NA,GRanD,SWBD,1026,70653250,Instream,804,7120621300,"c(-93.311648, 36.5979360000001)"
149,John H. Kerr Reservoir,John H. Kerr Dam,,Dam,,Roanoke River,,,,United States,,Virginia,North Carolina,,,1953,-99,GRanD,-99,-99,,Built 1953,44,-99,849,-99,180.923,180.923,197.9,-99,-99,4148.8,4148.8,1836.2,-99,22.899999618530273,265021,49.599998474121094,93,20431,20202,-99,,,Main,Sec,,Sec,,Sec,,,Sec,Hydroelectricity,,,,2: Good,UNH,-78.29478399999994,36.59626000000003,NA,NA,GRanD,SWBD,1761,70653745,Instream,805,7120622490,"c(-78.2947839999999, 36.59626)"
150,Grand Lake,Pensacola,,Dam,,Neosho,,,,United States,,Oklahoma,,,,1940,-99,GRanD,-99,-99,,Built 1940,46,-99,2001,-99,101.673,101.673,188.2,-99,-99,2710,2710,2072.2,-99,26.700000762939453,236781,36.29999923706055,227,26660,26672,-99,,,Main,,Sec,,,,,,,Hydroelectricity,,,http://www.ferc.gov/industries/hydropower/safety.asp,2: Good,UNH,-95.03960899999998,36.47029700000007,NA,NA,GRanD,SWBD,1029,70656806,Instream,806,7120626430,"c(-95.039609, 36.4702970000001)"
151,Oologah Lake,Oologah Lake,,Dam,,Verdigris River,,,,United States,,Oklahoma,,,,1963,-99,GRanD,-99,-99,,Built 1963,42,-99,1319,-99,114.74,114.74,125.6,-99,-99,1923.3,1923.3,681.1,-99,16.799999237060547,93714,65.0999984741211,193,11138,11238,-99,,,,Sec,Main,Sec,,,,,Sec,Flood control,,,,2: Good,UNH,-95.67941599999995,36.424078000000065,NA,NA,GRanD,SWBD,1032,70657939,Instream,807,7121108550,"c(-95.679416, 36.4240780000001)"
152,Bull Shoals Lake,Bull Shoals,,Dam,,White,,,,United States,,Arkansas,Missouri,,,1951,-99,GRanD,-99,-99,,Built 1951,86,-99,688,-99,153.203,153.203,1838.9,-99,-99,6670.7,6670.7,3759.7,-99,43.5,226176,93.5,197,15589,15703,-99,,,Sec,Sec,Main,Sec,,Sec,,,,Flood control,,,,2: Good,UNH,-92.57291699999996,36.36538500000006,NA,NA,GRanD,SWBD,1036,70659815,Instream,808,7121109420,"c(-92.572917, 36.3653850000001)"
153,Lake Mead,Hoover,,Dam,,Colorado River,,,,United States,,Nevada,Arizona,,,1935,-99,GRanD,-99,-99,,Built 1935,223,-99,580,-99,581.059,581.059,634.5,-99,-99,36700,36700,34852,-99,63.20000076293945,586683,198.39999389648438,370,424018,434600,-99,,Sec,Sec,Main,,,,,,,,Water supply,,,,2: Good,UNH,-114.73500599999994,36.01819100000006,NA,NA,GRanD,SWBD,610,70668924,Instream,809,7121112890,"c(-114.735006, 36.0181910000001)"
154,Watts Bar Lake,Watts Bar,,Dam,,Tennessee River,,,,United States,,Tennessee,,,,1942,-99,GRanD,-99,-99,,Built 1942,34,-99,902,-99,120.678,120.678,132.3,-99,-99,1449.3,1449.3,981.9,-99,12,1036748,4.400000095367432,222,44763,44833,-99,,,Sec,,Sec,Sec,Main,,,,,Navigation,,,http://lakeinfo.tva.gov/htbin/lakeinfo?site=WBH&DataType=All&submit=View+info,2: Good,UNH,-84.78020799999996,35.62394500000005,NA,NA,GRanD,SWBD,1797,70678749,Instream,810,7120647500,"c(-84.780208, 35.623945)"
155,Greers Ferry Lake,Greers Ferry,,Dam,,Little Red,,,,United States,,Arkansas,,,,1962,-99,GRanD,-99,-99,,Built 1962,75,-99,519,-99,118.455,118.455,127.3,-99,-99,3508,3508,2355.9,-99,29.600000381469727,37380,297.6000061035156,131,2968,2968,-99,,,Sec,Sec,Main,Sec,,Sec,,,,Flood control,,,,2: Good,UNH,-91.99282899999997,35.52055900000005,NA,NA,GRanD,SWBD,1067,70681321,Instream,811,7121118080,"c(-91.992829, 35.520559)"
156,Lake Norman,Cowans Ford,,Dam,,Catawba,,,,United States,,North Carolina,,,,1963,-99,GRanD,-99,-99,,Built 1963,41,-99,2663,-99,111.964,111.964,131.6,-99,-99,510.8,510.8,-99,-99,4.599999904632568,82688,19.600000381469727,227,4694,4636,-99,,,Main,Sec,,Sec,,,,,,Hydroelectricity,,,http://www.ferc.gov/industries/hydropower/safety.asp,2: Good,UNH,-80.95208299999996,35.435689000000025,NA,NA,GRanD,SWBD,1804,70684859,Instream,813,7121119490,"c(-80.952083, 35.435689)"
157,Robert S. Kerr Reservoir,Robert S. Kerr Lock and Dam,,Dam,,Arkansas River,,,,United States,,Oklahoma,,,,1970,-99,GRanD,-99,-99,,Built 1970,23,-99,2204,-99,135.415,135.415,132.7,-99,-99,648.4,648.4,-99,-99,4.800000190734863,1015982,2,143,375526,382686,-99,,,Sec,,,Sec,Main,,,,,Navigation,,,,2: Good,UNH,-94.77882799999998,35.346223000000066,NA,NA,GRanD,SWBD,1075,70685727,Instream,814,7120653220,"c(-94.778828, 35.3462230000001)"
158,Eufaula Lake,Eufaula Lake,,Dam,,Canadian River,,,,United States,,Oklahoma,,,,1964,-99,GRanD,-99,-99,,Built 1964,35,-99,975,-99,354.962,354.962,578.7,-99,-99,4718.6,4718.6,2855,-99,13.300000190734863,200280,74.69999694824219,178,122253,21769,-99,,,Sec,Sec,Main,Sec,,,,,Sec,Flood control,,,,2: Good,UNH,-95.35793699999994,35.30795200000006,NA,NA,GRanD,SWBD,1077,70686890,Instream,815,7121120560,"c(-95.3579369999999, 35.3079520000001)"
159,Chickamauga Lake,Chickamauga,,Dam,,Tennessee River,,,,United States,,Tennessee,,,,1940,-99,GRanD,-99,-99,,Built 1940,39,-99,1768,-99,110.988,110.988,103.6,-99,-99,909.4,909.4,483.5,-99,8.199999809265137,1301559,2.200000047683716,203,53783,53846,-99,,,Sec,,Sec,Sec,Main,,,,,Navigation,,,http://lakeinfo.tva.gov/htbin/lakeinfo?site=CHH&DataType=All&submit=View+info,2: Good,UNH,-85.22674199999994,35.102025000000026,NA,NA,GRanD,SWBD,1822,70692110,Instream,816,7120657490,"c(-85.226742, 35.102025)"
160,Pickwick Lake,Pickwick Landing,,Dam,,Tennessee River,,,,United States,,Tennessee,Alabama,,,1938,-99,GRanD,-99,-99,,Built 1938,34,-99,2352,-99,155.663,155.663,146.9,-99,-99,1363,1363,847.8,-99,8.800000190734863,1967736,2.200000047683716,125,84925,85003,-99,,,Sec,,Sec,Sec,Main,,,,,Navigation,,,http://lakeinfo.tva.gov/htbin/lakeinfo?site=PKH&DataType=All&submit=View+info,2: Good,UNH,-88.24742899999995,35.069376000000034,NA,NA,GRanD,SWBD,1824,70693106,Instream,817,7120658510,"c(-88.247429, 35.069376)"
161,Wheeler Lake,Wheeler,,Dam,,Tennessee River,,,,United States,,Alabama,,,,1936,-99,GRanD,-99,-99,,Built 1936,22,-99,1933,-99,154.744,154.744,183.9,-99,-99,1318.6,1318.6,888.1,-99,8.5,1801464,2.299999952316284,165,76615,76638,-99,,,Main,,,Sec,,,,,,Hydroelectricity,,,http://lakeinfo.tva.gov/htbin/lakeinfo?site=WEH&DataType=All&submit=View+info,3: Fair,UNH,-87.38023099999998,34.806299000000024,NA,NA,GRanD,SWBD,1835,70699973,Instream,818,7120664590,"c(-87.380231, 34.806299)"
162,Lake Ouachita,Blakely Mountain Dam,,Dam,,Ouachita River,,,,United States,,Arkansas,,,,1953,-99,GRanD,-99,-99,,Built 1953,73,-99,335,-99,144.325,144.325,162.3,-99,-99,4638.8,4638.8,2653.3,-99,32.099998474121094,43813,335.70001220703125,181,2842,2862,-99,,,Main,,Sec,Sec,,,,,,Hydroelectricity,,,http://www.mvk.usace.army.mil/Lakes/lakeouachita/main.php?page=mainContent,2: Good,UNH,-93.19508099999996,34.57410500000003,NA,NA,GRanD,SWBD,1112,70706425,Instream,819,7121127710,"c(-93.195081, 34.574105)"
163,Guntersville Lake,Guntersville,,Dam,,Tennessee River,,,,United States,,Alabama,,,,1939,-99,GRanD,-99,-99,,Built 1939,29,-99,1213,-99,166.902,166.902,250.9,-99,-99,1293.9,1293.9,1092.9,-99,7.800000190734863,1521050,2.700000047683716,179,63292,63325,-99,,,Sec,,Sec,Sec,Main,,,,,Navigation,,,http://lakeinfo.tva.gov/htbin/lakeinfo?site=GUH&DataType=All&submit=View+info,2: Good,UNH,-86.39201999999995,34.421538000000055,NA,NA,GRanD,SWBD,1847,70709686,Instream,820,7120672080,"c(-86.39202, 34.4215380000001)"
164,Sardis Lake,Sardis Dam,,Dam,,Little Tallahatchie River,,,,United States,,Mississippi,,,,1940,-99,GRanD,-99,-99,,Built 1940,36,-99,4663,-99,118.56,118.56,43.3,-99,-99,3720.2,3720.2,133.2,-99,31.399999618530273,105082,112.30000305175781,77,3961,4002,-99,,,,,Main,Sec,,,,,,Flood control,,,http://www.mvk.usace.army.mil/Lakes/sardislake/main.php?page=mainContent,2: Good,UNH,-89.79263399999996,34.40734400000008,NA,NA,GRanD,SWBD,1848,70710220,Instream,821,7120673820,"c(-89.792634, 34.4073440000001)"
165,Hartwell Lake,Hartwell Dam,,Dam,,Savannah River,,,,United States,,South Carolina,Georgia,,,1962,-99,GRanD,-99,-99,,Built 1962,62,-99,5441,-99,189.237,189.237,226.4,-99,-99,4241.6,4241.6,3145.4,-99,22.399999618530273,123150,109.19999694824219,203,5451,5408,-99,,,Main,,Sec,Sec,,,,,,Hydroelectricity,,,http://www.sas.usace.army.mil/lakes/hartwell/,3: Fair,UNH,-82.82299299999994,34.360491000000025,NA,NA,GRanD,SWBD,1851,70711796,Instream,822,7120674680,"c(-82.8229929999999, 34.360491)"
166,Lake Sidney Lanier,Buford,,Dam,,Chattahoochee River,,,,United States,,Georgia,,,,1958,-99,GRanD,-99,-99,,Built 1958,70,-99,753,-99,133.798,133.798,190.9,-99,-99,3150.3,3150.3,2364.6,-99,23.5,64677,154.5,326,2677,2694,-99,,,Sec,,Main,Sec,,,,,,Flood control,,,,2: Good,UNH,-84.07235699999995,34.160840000000064,NA,NA,GRanD,SWBD,1863,70716162,Instream,823,7121131950,"c(-84.072357, 34.1608400000001)"
167,Lake Murray,Saluda,Lake Murray Dam,Dam,,Saluda,,,,United States,,South Carolina,,,,1930,-99,GRanD,-99,-99,,Built 1930,71,-99,2377,-99,180.882,180.882,194.2,250,-99,2713.7,2713.7,2590.3,-99,15,98072,87.69999694824219,107,6274,6268,-99,,,Main,,,,,,,,,Hydroelectricity,,,http://www.ferc.gov/industries/hydropower/safety.asp,2: Good,UNH,-81.21955399999996,34.05185200000005,NA,NA,GRanD,SWBD,1866,70719355,Instream,824,7120680530,"c(-81.219554, 34.0518520000001)"
168,Lake Texoma,Denison Dam,,Dam,,Red River,,,,United States,,Oklahoma,Texas,,,1944,-99,GRanD,-99,-99,,Built 1944,50,-99,5243,-99,263.018,263.018,351.7,-99,-99,6406.9,6406.9,3182.9,-99,24.399999618530273,194262,104.5999984741211,189,102334,102872,-99,,,Sec,Sec,Main,,,,,,Sec,Flood control,,,,2: Good,UNH,-96.57348699999994,33.82294600000006,NA,NA,GRanD,SWBD,1135,70724362,Instream,825,7121135100,"c(-96.5734869999999, 33.8229460000001)"
169,Grenada Lake,Grenada Dam,,Dam,,Yalobusha River,,,,United States,,Mississippi,,,,1954,-99,GRanD,-99,-99,,Built 1954,31,-99,4237,-99,107.448,107.448,39.7,-99,-99,3357.7,3357.7,105.7,-99,31.200000762939453,88235,120.69999694824219,61,3435,3419,-99,,,,,Main,Sec,,,,,,Flood control,,,http://www.mvk.usace.army.mil/Lakes/grenadalake/main.php?page=mainContent,3: Fair,UNH,-89.76873999999998,33.814591000000064,NA,NA,GRanD,SWBD,1869,70724805,Instream,826,7120686140,"c(-89.76874, 33.8145910000001)"
170,J. Strom Thurmond Lake,J. Strom Thurmond Dam,,Dam,,Savannah River,,,,United States,,South Carolina,Georgia,,,1954,-99,GRanD,-99,-99,,Built 1954,61,-99,1731,-99,131.432,131.432,287.3,-99,-99,4711.9,4711.9,3096,-99,35.900001525878906,251412,59.400001525878906,93,15903,15913,-99,,,Main,,Sec,Sec,,,,,,Hydroelectricity,,,http://www.sas.usace.army.mil/lakes/thurmond/,3: Fair,UNH,-82.19687499999998,33.66209900000007,NA,NA,GRanD,SWBD,1872,70728863,Instream,827,7120689620,"c(-82.196875, 33.6620990000001)"
171,Lake Marion,North Santee Dam,Wilson Dam,Dam,,Santee River,,,,United States,,South Carolina,,,,1942,-99,GRanD,-99,-99,,Built 1942,21,-99,11582,-99,223.236,223.236,404.7,-99,-99,1517.2,1517.2,-99,-99,6.800000190734863,561578,8.600000381469727,21,38210,38073,-99,,,Sec,Sec,Main,Sec,Sec,,,,,Flood control,,,http://www.ferc.gov/industries/hydropower/safety.asp,2: Good,UNH,-80.16572999999994,33.45208300000007,NA,NA,GRanD,SWBD,1879,70732837,Instream,828,7121137840,"c(-80.1657299999999, 33.4520830000001)"
172,Lake Moultrie,Pinopolis West Dam,,Dam,,Cooper River,,,,United States,,South Carolina,,,,1942,-99,GRanD,-99,-99,,Built 1942,42,-99,3505,-99,220.794,220.794,244.4,-99,-99,1369.2,1369.2,-99,-99,6.199999809265137,4921,882.29998779296875,20,387,38850,-99,,,Sec,Sec,Main,Sec,Sec,,,,,Flood control,,"Lake Moultrie is fed by the Lake Marion diversion canal, which artifically re-reroutes the Cooper river basin",http://www.ferc.gov/industries/hydropower/safety.asp,2: Good,UNH,-79.99902299999997,33.24086700000004,NA,NA,GRanD,SWBD,1890,70738014,Instream,830,7120698290,"c(-79.999023, 33.240867)"
173,Elephant Butte Reservoir,Elephant Butte Dike,,Dam,,Rio Grande,,,,United States,,New Mexico,,,,1921,-99,GRanD,-99,-99,,Built 1921,18,-99,581,-99,110.325,110.325,148.3,-99,-99,2932.4,2932.4,2603,-99,26.600000381469727,53131,175,1351,77323,74851,-99,,Sec,Sec,,Main,Sec,,,,,,Flood control,,,,3: Fair,UNH,-107.18925299999995,33.15604900000005,NA,NA,GRanD,SWBD,657,70739551,Instream,831,7120698980,"c(-107.189253, 33.156049)"
174,Lake Tawakoni,Iron Bridge Dam,,Dam,,Sabine River,,,,United States,,Texas,,,,1960,-99,GRanD,-99,-99,,Built 1960,26,-99,8864,-99,137.601,137.601,145.7,-99,-99,2047.6,2047.6,1154.8,-99,14.899999618530273,18125,358.20001220703125,134,2020,1958,-99,,,,,,Main,,,,,,Recreation,,,,2: Good,UNH,-95.91464999999994,32.81465500000007,NA,NA,GRanD,SWBD,1181,70747062,Instream,832,7120706080,"c(-95.9146499999999, 32.8146550000001)"
175,Lake Martin,Martin,,Dam,,Tallapoosa,,,,United States,,Alabama,,,,1926,-99,GRanD,-99,-99,,Built 1926,53,-99,792,-99,133.961,133.961,161.9,-99,-99,2004.4,2004.4,-99,-99,15,126707,50.20000076293945,149,7731,7770,-99,,,Main,Sec,Sec,Sec,,,,,,Hydroelectricity,,,http://www.ferc.gov/industries/hydropower/safety.asp,2: Good,UNH,-85.91041699999994,32.68201600000003,NA,NA,GRanD,SWBD,1900,70749875,Instream,833,7120709830,"c(-85.9104169999999, 32.682016)"
